vehicle_id,mileage,load_cycles,service_history_days,avg_engine_temp_c,avg_fuel_consumption_l_100km,needs_service,failure_type
VH-0000,28742,4396,119,97.39,13.84,1,Brakes
VH-0001,172530,357,308,84.71,11.54,1,Brakes
VH-0002,147460,2017,17,70.82,10.83,1,Brakes
VH-0003,102164,2318,165,77.63,13.14,1,Brakes
VH-0004,100933,3999,293,99.95,8.32,1,Engine
VH-0005,190305,688,348,87.19,14.25,1,Fuel
VH-0006,28048,2198,95,84.74,10.12,1,Brakes
VH-0007,156447,804,239,101.5,13.43,1,Engine
VH-0008,52308,3948,73,98.86,11.2,1,Engine
VH-0009,29777,3179,46,90.17,11.84,1,Brakes
VH-0010,120560,2508,132,87.95,10.61,1,Brakes
VH-0011,214880,1994,323,89.08,12.1,1,Brakes
VH-0012,164507,808,253,91.59,17.22,1,Fuel
VH-0013,169839,4613,181,101.2,15.96,1,Engine
VH-0014,160670,3255,106,92.96,13.39,1,Brakes
VH-0015,175073,1629,55,95.08,12.44,1,Brakes
VH-0016,117777,2098,102,98.18,14.61,1,Engine
VH-0017,36903,3644,59,81.81,15.32,1,Fuel
VH-0018,186347,3611,72,95.28,10.43,1,Brakes
VH-0019,104581,2332,252,87.94,12.31,1,Brakes
VH-0020,115073,1549,52,72.39,7.95,1,Brakes
VH-0021,87867,3316,22,75.1,15.31,1,Fuel
VH-0022,48335,3308,200,82.87,17.66,1,Fuel
VH-0023,204620,3018,108,93.72,12.7,1,Brakes
VH-0024,174129,410,168,90.8,7.19,1,Brakes
VH-0025,145211,2390,55,91.29,14.02,1,Fuel
VH-0026,94507,3088,80,103.66,10.24,1,Engine
VH-0027,182779,4752,163,81.12,10.84,1,Brakes
VH-0028,124540,2651,253,89.81,14.07,1,Fuel
VH-0029,103116,1746,154,92.13,13.14,1,Brakes
VH-0030,104596,2801,200,84.85,11.28,1,Brakes
VH-0031,57720,927,192,90.2,10.88,1,Brakes
VH-0032,29348,498,101,78.8,12.81,1,Brakes
VH-0033,126462,3406,105,99.87,11.48,1,Engine
VH-0034,196456,4931,158,85.23,9.73,1,Brakes
VH-0035,23401,4237,16,104.22,11.67,1,Engine
VH-0036,190241,2939,251,89.77,13.35,1,Brakes
VH-0037,183802,249,226,97.2,12.05,1,Brakes
VH-0038,68119,4940,115,89.63,8.97,1,Brakes
VH-0039,142649,2275,139,89.78,14.97,1,Fuel
VH-0040,44698,1483,123,85.91,7.0,1,Brakes
VH-0041,169198,4467,239,90.83,11.38,1,Brakes
VH-0042,157109,3744,278,92.23,10.95,1,Brakes
VH-0043,84450,3760,44,84.51,12.87,1,Brakes
VH-0044,24263,1424,153,89.12,13.9,1,Brakes
VH-0045,213846,4959,9,85.73,15.32,1,Fuel
VH-0046,103594,2291,167,106.1,10.72,1,Engine
VH-0047,197555,2680,94,89.37,13.97,1,Brakes
VH-0048,152362,3767,125,100.82,12.99,1,Engine
VH-0049,173460,3316,169,88.63,8.22,1,Brakes
VH-0050,169578,902,121,91.82,17.25,1,Fuel
VH-0051,50874,1547,146,80.75,8.9,1,Brakes
VH-0052,86420,1837,280,86.87,13.55,1,Brakes
VH-0053,108011,4740,296,91.47,13.47,1,Brakes
VH-0054,114536,3586,7,101.1,13.19,1,Engine
VH-0055,19198,1863,141,91.55,11.26,1,Brakes
VH-0056,124779,3686,309,99.69,14.57,1,Engine
VH-0057,42400,3705,195,94.49,8.6,1,Brakes
VH-0058,166108,2001,78,101.39,12.34,1,Engine
VH-0059,153440,2045,218,89.59,11.09,1,Brakes
VH-0060,203730,4476,57,106.73,10.81,1,Engine
VH-0061,166400,2831,12,86.6,13.57,1,Brakes
VH-0062,86994,790,232,84.63,15.19,1,Fuel
VH-0063,213177,3612,190,81.53,11.64,1,Brakes
VH-0064,96278,2968,277,106.32,14.45,1,Engine
VH-0065,78423,2569,129,95.74,12.62,1,Brakes
VH-0066,200162,3639,312,87.66,10.27,1,Brakes
VH-0067,87796,4540,156,98.74,11.86,1,Engine
VH-0068,26032,1685,270,94.81,11.75,1,Brakes
VH-0069,108606,2125,41,103.76,10.76,1,Engine
VH-0070,177092,988,39,79.17,13.57,1,Brakes
VH-0071,49788,3253,286,88.14,13.09,1,Brakes
VH-0072,107217,2043,305,86.76,8.52,1,Brakes
VH-0073,37283,1744,344,76.18,8.37,1,Brakes
VH-0074,154160,3497,121,97.42,13.56,1,Brakes
VH-0075,109898,2070,13,88.11,10.46,1,Brakes
VH-0076,79341,2348,357,95.18,13.26,1,Brakes
VH-0077,57650,2228,221,106.52,14.45,1,Engine
VH-0078,128544,1329,93,87.53,9.32,1,Brakes
VH-0079,150660,672,279,87.05,8.97,1,Brakes
VH-0080,207464,4144,330,90.83,16.69,1,Fuel
VH-0081,101801,504,107,96.91,13.38,1,Brakes
VH-0082,43744,1658,282,86.03,11.45,1,Brakes
VH-0083,184862,3354,288,85.58,10.17,1,Brakes
VH-0084,142250,699,185,97.4,11.22,1,Brakes
VH-0085,157055,3294,232,92.65,9.52,1,Brakes
VH-0086,30417,3678,102,75.69,14.71,1,Fuel
VH-0087,75596,3331,339,81.42,10.56,1,Brakes
VH-0088,171247,1559,358,100.51,15.23,1,Engine
VH-0089,184774,147,358,92.81,11.5,1,Brakes
VH-0090,101395,4442,270,84.66,9.89,1,Brakes
VH-0091,179000,1666,20,88.81,11.43,1,Brakes
VH-0092,186755,4034,136,90.09,7.0,1,Brakes
VH-0093,91370,1029,165,95.15,12.2,1,Brakes
VH-0094,198598,853,350,80.49,12.07,1,Brakes
VH-0095,70548,3901,201,84.11,14.56,1,Fuel
VH-0096,60307,4701,198,91.91,7.78,1,Brakes
VH-0097,153324,4310,57,89.3,15.4,1,Fuel
VH-0098,143719,3768,290,94.0,14.55,1,Fuel
VH-0099,39348,1271,126,81.39,15.63,1,Fuel
VH-0100,184874,4570,38,92.5,12.37,1,Brakes
VH-0101,51980,3355,360,97.64,15.03,1,Fuel
VH-0102,179028,902,73,93.41,8.82,1,Brakes
VH-0103,11546,690,10,90.97,14.28,1,Fuel
VH-0104,177336,4362,33,89.33,10.57,1,Brakes
VH-0105,175254,1412,167,84.16,8.37,1,Brakes
VH-0106,173876,3841,42,89.5,9.69,1,Brakes
VH-0107,149618,736,308,98.82,12.51,1,Engine
VH-0108,109029,1438,189,89.17,10.44,1,Brakes
VH-0109,158084,1453,121,83.77,13.44,1,Brakes
VH-0110,68195,1441,6,86.55,7.98,1,Brakes
VH-0111,173953,3389,177,91.41,7.18,1,Brakes
VH-0112,126685,4576,59,87.39,15.93,1,Fuel
VH-0113,106372,4556,357,93.4,14.76,1,Fuel
VH-0114,116177,3720,109,93.66,9.88,1,Brakes
VH-0115,129435,1052,175,96.22,12.49,1,Brakes
VH-0116,17825,4804,11,99.96,15.05,1,Engine
VH-0117,39357,2733,52,96.97,13.55,1,Brakes
VH-0118,61551,2752,79,83.46,12.87,1,Brakes
VH-0119,34051,3521,23,83.68,15.24,1,Fuel
VH-0120,102318,3857,266,89.47,10.67,1,Brakes
VH-0121,150364,4766,345,86.84,12.58,1,Brakes
VH-0122,147430,2932,359,82.03,12.46,1,Brakes
VH-0123,108930,3069,100,86.91,11.82,1,Brakes
VH-0124,189566,3740,288,86.68,11.53,1,Brakes
VH-0125,128699,1312,186,85.3,12.68,1,Brakes
VH-0126,26631,1573,21,87.79,12.59,1,Brakes
VH-0127,170649,3146,37,98.25,9.88,1,Engine
VH-0128,130666,367,202,91.39,14.5,1,Fuel
VH-0129,143290,1636,157,107.3,10.06,1,Engine
VH-0130,128728,3604,8,91.19,11.95,1,Brakes
VH-0131,126251,4881,339,87.97,11.76,1,Brakes
VH-0132,29018,2621,267,90.03,13.4,1,Brakes
VH-0133,127433,2028,185,91.8,7.2,1,Brakes
VH-0134,176931,2229,360,93.05,14.73,1,Fuel
VH-0135,73829,3442,354,104.54,10.81,1,Engine
VH-0136,136596,2745,355,84.08,15.55,1,Fuel
VH-0137,16471,164,98,96.01,11.3,1,Brakes
VH-0138,82974,2719,322,91.45,12.38,1,Brakes
VH-0139,101710,2030,186,79.0,17.28,1,Fuel
VH-0140,216375,3518,266,95.39,11.81,1,Brakes
VH-0141,55062,4381,314,98.87,15.6,1,Engine
VH-0142,68075,4814,63,84.0,12.6,1,Brakes
VH-0143,95791,3070,166,89.94,13.54,1,Brakes
VH-0144,218459,1844,51,77.92,12.67,1,Brakes
VH-0145,189214,2247,105,81.19,14.62,1,Fuel
VH-0146,17285,923,153,97.34,10.79,1,Brakes
VH-0147,59127,4682,312,86.74,10.04,1,Brakes
VH-0148,182551,4244,315,82.24,10.9,1,Brakes
VH-0149,22243,4277,145,91.61,12.75,1,Brakes
VH-0150,189690,1674,123,86.34,11.95,1,Brakes
VH-0151,69090,1644,196,86.7,14.28,1,Fuel
VH-0152,202706,4290,333,95.18,15.76,1,Fuel
VH-0153,71654,2745,356,81.87,10.06,1,Brakes
VH-0154,101206,3538,86,83.66,10.67,1,Brakes
VH-0155,149002,2474,72,91.08,8.91,1,Brakes
VH-0156,36518,2241,259,96.79,17.58,1,Fuel
VH-0157,126976,3179,113,98.67,13.26,1,Engine
VH-0158,116053,4074,76,85.34,13.7,1,Brakes
VH-0159,174618,1703,16,96.56,9.15,1,Brakes
VH-0160,219182,4055,150,84.51,12.5,1,Brakes
VH-0161,149505,1258,146,102.78,13.77,1,Engine
VH-0162,95929,2043,207,82.06,11.87,1,Brakes
VH-0163,95341,4567,77,99.3,15.19,1,Engine
VH-0164,97771,4774,262,85.4,18.28,1,Fuel
VH-0165,180944,4623,249,104.09,10.13,1,Engine
VH-0166,77455,1614,171,94.14,9.94,1,Brakes
VH-0167,45064,4224,70,82.89,10.31,1,Brakes
VH-0168,80201,4683,187,86.34,16.52,1,Fuel
VH-0169,14769,4892,247,95.47,15.11,1,Fuel
VH-0170,32289,153,139,97.37,12.16,1,Brakes
VH-0171,28910,3737,99,89.5,12.59,1,Brakes
VH-0172,172026,4983,187,90.31,10.46,1,Brakes
VH-0173,161695,3835,132,95.31,14.73,1,Fuel
VH-0174,156321,1204,149,90.92,11.55,1,Brakes
VH-0175,106994,3824,130,80.95,11.85,1,Brakes
VH-0176,160582,570,114,84.31,14.02,1,Fuel
VH-0177,43867,2429,263,91.65,12.03,1,Brakes
VH-0178,199130,3149,170,98.51,11.91,1,Engine
VH-0179,115219,2309,172,101.31,12.53,1,Engine
VH-0180,206990,3514,240,95.46,14.49,1,Fuel
VH-0181,41985,1239,135,92.01,16.62,1,Fuel
VH-0182,114439,3050,41,95.24,13.96,1,Brakes
VH-0183,156227,3241,311,85.33,14.51,1,Fuel
VH-0184,114081,3187,25,88.93,12.0,1,Brakes
VH-0185,103692,1482,210,84.23,10.73,1,Brakes
VH-0186,44904,1561,100,81.26,14.13,1,Fuel
VH-0187,90014,1326,81,92.33,12.93,1,Brakes
VH-0188,60140,2335,20,91.3,8.94,1,Brakes
VH-0189,73317,2950,329,94.81,11.68,1,Brakes
VH-0190,153577,1844,159,93.82,12.29,1,Brakes
VH-0191,142359,2079,128,91.7,11.22,1,Brakes
VH-0192,137511,1467,271,93.9,16.2,1,Fuel
VH-0193,85980,1133,19,89.7,13.7,1,Brakes
VH-0194,211535,3304,208,92.89,15.93,1,Fuel
VH-0195,28406,4089,183,84.92,13.16,1,Brakes
VH-0196,81944,1488,204,92.59,12.7,1,Brakes
VH-0197,34781,4309,49,94.68,10.16,1,Brakes
VH-0198,81178,2876,347,85.31,12.53,1,Brakes
VH-0199,211998,880,90,90.36,12.53,1,Brakes
VH-0200,86915,1861,249,85.63,9.08,1,Brakes
VH-0201,200801,87,273,86.31,11.15,1,Brakes
VH-0202,113963,243,128,82.13,11.69,1,Brakes
VH-0203,156938,1713,52,98.86,13.53,1,Engine
VH-0204,106057,2299,111,97.46,13.65,1,Brakes
VH-0205,65832,3997,295,93.76,11.05,1,Brakes
VH-0206,170488,714,331,103.81,13.67,1,Engine
VH-0207,213527,4203,342,88.68,12.04,1,Brakes
VH-0208,65340,1210,86,111.22,7.0,1,Engine
VH-0209,173537,734,223,88.41,11.29,1,Brakes
VH-0210,64839,3514,59,91.79,15.2,1,Fuel
VH-0211,160546,3882,260,87.22,8.3,1,Brakes
VH-0212,175691,3044,154,92.61,12.78,1,Brakes
VH-0213,104365,622,261,95.85,16.46,1,Fuel
VH-0214,164753,620,251,89.2,10.6,1,Brakes
VH-0215,67170,1980,362,102.44,12.51,1,Engine
VH-0216,26643,2280,180,91.67,9.24,1,Brakes
VH-0217,30242,4993,127,91.89,16.57,1,Fuel
VH-0218,103874,1468,194,83.64,12.29,1,Brakes
VH-0219,199546,1003,63,92.93,12.62,1,Brakes
VH-0220,36791,4732,45,89.06,15.89,1,Fuel
VH-0221,105713,812,191,85.74,14.15,1,Fuel
VH-0222,157846,180,302,84.56,10.31,1,Brakes
VH-0223,52496,2142,196,108.7,10.88,1,Engine
VH-0224,161539,2035,286,88.16,13.74,1,Brakes
VH-0225,74250,3117,69,79.8,10.94,1,Brakes
VH-0226,179818,4394,166,85.11,7.21,1,Brakes
VH-0227,131636,4667,225,89.64,12.37,1,Brakes
VH-0228,124850,1483,130,93.83,8.8,1,Brakes
VH-0229,47122,4905,10,93.88,16.54,1,Fuel
VH-0230,107273,3181,31,94.74,12.94,1,Brakes
VH-0231,189888,394,338,85.49,10.24,1,Brakes
VH-0232,14100,4695,222,92.38,10.75,1,Brakes
VH-0233,169289,733,100,83.87,7.78,1,Brakes
VH-0234,113480,2963,98,85.66,9.75,1,Brakes
VH-0235,161087,3964,19,83.58,15.04,1,Fuel
VH-0236,149292,1284,345,81.68,18.08,1,Fuel
VH-0237,100739,1389,43,97.45,14.32,1,Fuel
VH-0238,74820,2407,278,94.82,12.27,1,Brakes
VH-0239,141734,4430,91,96.84,11.42,1,Brakes
VH-0240,39447,1156,125,90.28,10.11,1,Brakes
VH-0241,132660,3334,103,95.44,17.65,1,Fuel
VH-0242,29885,2290,301,77.67,12.03,1,Brakes
VH-0243,146467,603,16,96.04,17.79,1,Fuel
VH-0244,142036,3568,131,91.24,15.98,1,Fuel
VH-0245,27733,4171,105,94.39,8.15,1,Brakes
VH-0246,169072,2899,103,92.66,10.84,1,Brakes
VH-0247,97319,922,74,83.09,10.83,1,Brakes
VH-0248,175246,820,333,79.51,12.3,1,Brakes
VH-0249,18738,2146,141,85.02,12.35,1,Brakes
VH-0250,47685,2556,155,93.95,19.99,1,Fuel
VH-0251,113738,2783,143,94.83,9.81,1,Brakes
VH-0252,49527,1256,357,80.42,13.07,1,Brakes
VH-0253,79270,2528,127,83.13,14.04,1,Fuel
VH-0254,148725,1510,128,84.94,12.5,1,Brakes
VH-0255,40350,3446,123,87.5,12.78,1,Brakes
VH-0256,152317,3992,122,80.47,9.89,1,Brakes
VH-0257,31714,3280,37,80.05,12.77,1,Brakes
VH-0258,46788,56,222,84.25,13.78,1,Brakes
VH-0259,133405,4960,14,90.6,13.32,1,Brakes
VH-0260,176631,167,86,81.74,13.93,1,Brakes
VH-0261,45824,4997,77,89.19,16.03,1,Fuel
VH-0262,72998,207,109,97.41,14.84,1,Fuel
VH-0263,204275,2606,277,80.89,12.68,1,Brakes
VH-0264,217833,574,220,88.55,9.57,1,Brakes
VH-0265,132022,521,361,97.17,11.0,1,Brakes
VH-0266,103878,3432,131,87.07,11.95,1,Brakes
VH-0267,82842,3652,339,85.98,13.13,1,Brakes
VH-0268,138614,635,21,98.14,11.3,1,Engine
VH-0269,134092,4884,186,87.86,10.16,1,Brakes
VH-0270,71898,1636,292,97.73,9.53,1,Brakes
VH-0271,14788,1625,196,93.0,8.37,1,Brakes
VH-0272,41814,1520,340,87.6,11.91,1,Brakes
VH-0273,211297,2332,118,93.36,8.83,1,Brakes
VH-0274,97812,930,16,92.24,10.0,1,Brakes
VH-0275,111283,2152,283,97.15,11.52,1,Brakes
VH-0276,108092,1089,29,86.16,9.16,1,Brakes
VH-0277,174374,304,280,90.29,13.45,1,Brakes
VH-0278,23640,1875,269,89.57,14.35,1,Fuel
VH-0279,27373,3377,308,94.93,11.13,1,Brakes
VH-0280,67927,3827,177,82.82,11.41,1,Brakes
VH-0281,112198,1799,327,97.12,13.84,1,Brakes
VH-0282,150936,1652,66,93.26,10.72,1,Brakes
VH-0283,113048,3947,161,80.78,10.54,1,Brakes
VH-0284,102645,3421,48,98.46,15.49,1,Engine
VH-0285,206943,4168,281,105.64,14.71,1,Engine
VH-0286,43813,4535,262,97.01,14.0,1,Fuel
VH-0287,130062,4115,295,99.99,14.81,1,Engine
VH-0288,123871,4685,280,90.6,7.56,1,Brakes
VH-0289,109432,2112,116,78.37,15.88,1,Fuel
VH-0290,179595,2003,29,77.09,13.48,1,Brakes
VH-0291,66064,1641,339,91.79,15.03,1,Fuel
VH-0292,210292,1214,182,85.86,13.47,1,Brakes
VH-0293,79629,3756,38,83.6,12.62,1,Brakes
VH-0294,124450,3586,338,89.56,11.81,1,Brakes
VH-0295,119341,4016,362,94.31,13.42,1,Brakes
VH-0296,188453,878,165,79.83,11.72,1,Brakes
VH-0297,102171,2481,282,86.86,14.67,1,Fuel
VH-0298,69757,1148,18,100.57,8.53,1,Engine
VH-0299,14538,4470,38,82.47,11.15,1,Brakes
VH-0300,86372,1373,104,96.09,17.61,1,Fuel
VH-0301,183521,762,241,86.61,10.93,1,Brakes
VH-0302,12082,2870,53,93.82,11.9,1,Brakes
VH-0303,198193,4401,17,97.68,10.29,1,Brakes
VH-0304,123993,4582,245,95.19,13.34,1,Brakes
VH-0305,39452,525,282,96.36,10.66,1,Brakes
VH-0306,73457,1663,271,81.94,12.04,1,Brakes
VH-0307,126347,809,292,97.8,14.62,1,Fuel
VH-0308,76295,1573,294,84.03,10.75,1,Brakes
VH-0309,32800,2692,221,91.82,14.47,1,Fuel
VH-0310,149857,1438,191,91.81,14.56,1,Fuel
VH-0311,151170,384,313,93.4,15.14,1,Fuel
VH-0312,34963,2574,130,92.36,12.85,1,Brakes
VH-0313,69059,311,40,84.09,20.6,1,Fuel
VH-0314,61213,1172,275,80.55,15.14,1,Fuel
VH-0315,148478,52,104,96.11,13.31,1,Brakes
VH-0316,163362,479,357,91.3,10.31,1,Brakes
VH-0317,162668,2209,154,98.05,12.26,1,Engine
VH-0318,207139,4261,311,89.69,16.07,1,Fuel
VH-0319,171415,3884,20,80.16,16.77,1,Fuel
VH-0320,77342,539,242,96.76,16.2,1,Fuel
VH-0321,32625,222,166,87.41,14.46,1,Fuel
VH-0322,139074,1723,171,92.39,9.36,1,Brakes
VH-0323,202362,3278,100,85.47,13.72,1,Brakes
VH-0324,214782,3746,354,101.51,9.4,1,Engine
VH-0325,58344,4124,146,83.86,8.78,1,Brakes
VH-0326,59655,1743,311,87.64,13.1,1,Brakes
VH-0327,17856,881,158,90.75,13.81,1,Brakes
VH-0328,39665,180,22,82.35,14.76,1,Fuel
VH-0329,126519,776,321,92.31,13.74,1,Brakes
VH-0330,124828,372,71,101.28,13.83,1,Engine
VH-0331,87893,4310,102,86.57,10.04,1,Brakes
VH-0332,75090,1378,314,92.77,12.24,1,Brakes
VH-0333,184255,4124,326,70.75,8.73,1,Brakes
VH-0334,106607,2788,335,89.73,7.49,1,Brakes
VH-0335,179732,2717,158,87.81,14.35,1,Fuel
VH-0336,212274,2301,277,84.27,10.62,1,Brakes
VH-0337,76599,4105,123,97.57,14.68,1,Fuel
VH-0338,52575,265,271,87.72,15.27,1,Fuel
VH-0339,210108,509,185,88.76,10.95,1,Brakes
VH-0340,143314,2145,23,87.36,13.98,1,Brakes
VH-0341,71092,2002,155,76.58,10.85,1,Brakes
VH-0342,140590,2750,173,82.08,7.89,1,Brakes
VH-0343,118161,3702,97,96.73,12.81,1,Brakes
VH-0344,200161,2958,139,75.23,11.32,1,Brakes
VH-0345,63752,1324,185,84.64,11.4,1,Brakes
VH-0346,218190,1670,22,87.2,17.44,1,Fuel
VH-0347,206569,3774,59,102.21,8.69,1,Engine
VH-0348,47947,1047,281,95.38,13.46,1,Brakes
VH-0349,44567,2545,131,86.1,10.01,1,Brakes
VH-0350,121962,2717,224,99.13,14.77,1,Engine
VH-0351,19431,3763,208,84.82,13.25,1,Brakes
VH-0352,72747,3586,203,97.06,13.45,1,Brakes
VH-0353,101370,2350,153,80.49,10.14,1,Brakes
VH-0354,213568,1580,178,97.51,10.59,1,Brakes
VH-0355,218398,1871,301,87.16,14.82,1,Fuel
VH-0356,41823,2087,352,82.8,16.93,1,Fuel
VH-0357,197252,1134,97,88.48,13.7,1,Brakes
VH-0358,29095,3145,246,91.94,10.26,1,Brakes
VH-0359,167207,1081,354,86.54,13.35,1,Brakes
VH-0360,187584,3260,7,93.88,18.57,1,Fuel
VH-0361,197066,3769,287,85.92,12.76,1,Brakes
VH-0362,56917,4811,183,94.34,16.15,1,Fuel
VH-0363,197623,638,353,93.1,10.65,1,Brakes
VH-0364,34355,3810,213,89.57,12.39,1,Brakes
VH-0365,118960,475,306,86.91,14.05,1,Fuel
VH-0366,108604,1719,64,91.06,13.49,1,Brakes
VH-0367,76345,922,56,93.85,10.58,1,Brakes
VH-0368,14643,853,338,104.43,10.48,1,Engine
VH-0369,172122,917,194,96.58,14.97,1,Fuel
VH-0370,80472,267,206,96.83,15.48,1,Fuel
VH-0371,148948,4124,66,111.62,16.28,1,Engine
VH-0372,96146,352,86,93.61,17.01,1,Fuel
VH-0373,88468,2022,299,93.39,12.84,1,Brakes
VH-0374,196122,3510,114,94.93,11.72,1,Brakes
VH-0375,29838,4952,215,82.94,15.88,1,Fuel
VH-0376,164689,4275,118,86.89,14.28,1,Fuel
VH-0377,166825,729,99,86.46,10.04,1,Brakes
VH-0378,89798,4939,64,94.53,9.92,1,Brakes
VH-0379,65116,3285,339,88.78,13.73,1,Brakes
VH-0380,11114,938,343,90.97,12.06,1,Brakes
VH-0381,206730,2271,46,97.61,12.43,1,Brakes
VH-0382,209023,4593,132,96.04,15.18,1,Fuel
VH-0383,60603,1994,207,88.87,14.4,1,Fuel
VH-0384,16701,959,142,85.31,15.82,1,Fuel
VH-0385,35779,4381,264,97.95,7.67,1,Brakes
VH-0386,24205,4767,98,95.42,13.13,1,Brakes
VH-0387,184533,4879,26,78.76,14.24,1,Fuel
VH-0388,197301,4780,126,87.81,8.68,1,Brakes
VH-0389,42189,4370,220,91.16,10.86,1,Brakes
VH-0390,166815,2299,70,95.45,10.4,1,Brakes
VH-0391,47646,1001,298,96.37,12.55,1,Brakes
VH-0392,87113,3104,9,91.99,16.57,1,Fuel
VH-0393,135870,1142,29,94.1,17.56,1,Fuel
VH-0394,161184,2392,188,90.45,10.46,1,Brakes
VH-0395,193658,3297,189,85.28,13.82,1,Brakes
VH-0396,19404,4735,111,88.17,13.9,1,Brakes
VH-0397,51251,1480,98,90.13,13.47,1,Brakes
VH-0398,68906,1296,30,89.76,13.5,1,Brakes
VH-0399,75167,3686,243,76.8,13.26,1,Brakes
VH-0400,219585,81,141,87.22,16.72,1,Fuel
VH-0401,173255,2853,47,90.39,15.26,1,Fuel
VH-0402,77287,3742,148,88.03,9.85,1,Brakes
VH-0403,214083,2776,342,88.27,14.49,1,Fuel
VH-0404,114854,1950,99,93.42,14.73,1,Fuel
VH-0405,115155,4151,327,82.45,13.29,1,Brakes
VH-0406,101076,1886,98,78.6,15.33,1,Fuel
VH-0407,40218,3567,71,87.56,12.97,1,Brakes
VH-0408,206218,2347,98,95.35,13.0,1,Brakes
VH-0409,12926,181,121,101.81,12.8,1,Engine
VH-0410,46598,2676,48,95.47,7.45,1,Brakes
VH-0411,58227,294,216,79.72,12.3,1,Brakes
VH-0412,68652,4658,125,88.37,10.83,1,Brakes
VH-0413,37682,3027,263,91.8,9.53,1,Brakes
VH-0414,13771,1891,181,91.24,16.09,1,Fuel
VH-0415,152308,2456,164,93.78,13.76,1,Brakes
VH-0416,213555,3114,174,83.58,12.43,1,Brakes
VH-0417,35584,1337,61,90.45,11.09,1,Brakes
VH-0418,72272,1477,261,92.94,13.24,1,Brakes
VH-0419,116329,2122,42,95.78,14.98,1,Fuel
VH-0420,204775,1329,264,84.36,10.43,1,Brakes
VH-0421,155795,3801,364,87.58,12.49,1,Brakes
VH-0422,170899,563,280,71.07,14.67,1,Fuel
VH-0423,132034,4141,168,85.65,7.66,1,Brakes
VH-0424,97577,1775,118,86.33,12.36,1,Brakes
VH-0425,51952,2828,319,82.86,11.43,1,Brakes
VH-0426,191506,830,97,91.16,12.17,1,Brakes
VH-0427,178866,1957,178,89.61,11.25,1,Brakes
VH-0428,15271,3785,282,74.19,12.84,1,Brakes
VH-0429,160235,1389,337,91.51,17.31,1,Fuel
VH-0430,27721,704,336,83.5,11.69,1,Brakes
VH-0431,165186,2633,36,93.4,13.23,1,Brakes
VH-0432,183450,854,328,81.03,17.49,1,Fuel
VH-0433,37522,1608,46,90.21,11.12,1,Brakes
VH-0434,101105,2279,215,88.02,17.04,1,Fuel
VH-0435,35988,2842,339,92.12,12.51,1,Brakes
VH-0436,129129,3214,240,90.87,16.95,1,Fuel
VH-0437,204788,3399,346,88.21,14.38,1,Fuel
VH-0438,26982,4229,128,79.25,13.27,1,Brakes
VH-0439,93491,377,118,79.66,12.34,1,Brakes
VH-0440,214355,1843,122,85.91,10.94,1,Brakes
VH-0441,73199,55,132,89.94,12.69,1,Brakes
VH-0442,37765,96,250,85.74,14.74,1,Fuel
VH-0443,112602,1100,167,94.38,12.47,1,Brakes
VH-0444,116758,3010,270,88.05,11.71,1,Brakes
VH-0445,149201,4477,154,83.24,11.87,1,Brakes
VH-0446,75884,3879,115,88.05,14.98,1,Fuel
VH-0447,210680,3249,73,91.58,15.56,1,Fuel
VH-0448,119414,3901,203,92.27,10.83,1,Brakes
VH-0449,70153,901,328,103.15,10.83,1,Engine
VH-0450,211659,4207,314,85.32,13.45,1,Brakes
VH-0451,204209,4456,96,89.49,16.32,1,Fuel
VH-0452,114824,520,176,92.98,15.36,1,Fuel
VH-0453,15220,2376,258,89.84,9.37,1,Brakes
VH-0454,135356,4158,225,86.5,11.84,1,Brakes
VH-0455,126591,2406,29,79.16,10.17,1,Brakes
VH-0456,41123,4210,217,86.42,11.83,1,Brakes
VH-0457,143134,4680,18,82.48,16.51,1,Fuel
VH-0458,186566,2399,46,77.91,8.94,1,Brakes
VH-0459,32238,344,240,84.43,8.45,1,Brakes
VH-0460,161897,1733,41,82.67,10.43,1,Brakes
VH-0461,39471,1115,127,94.09,13.22,1,Brakes
VH-0462,167253,2396,216,94.21,14.05,1,Fuel
VH-0463,98014,2949,240,83.67,13.59,1,Brakes
VH-0464,11367,2346,165,88.18,15.44,1,Fuel
VH-0465,212908,1017,38,76.99,8.09,1,Brakes
VH-0466,44853,1540,292,86.54,15.47,1,Fuel
VH-0467,135168,3413,346,92.79,11.72,1,Brakes
VH-0468,48108,183,324,95.77,14.33,1,Fuel
VH-0469,205934,1109,274,85.01,9.19,1,Brakes
VH-0470,165048,4467,149,97.36,12.51,1,Brakes
VH-0471,178915,540,320,79.39,13.09,1,Brakes
VH-0472,100736,2102,180,81.27,15.39,1,Fuel
VH-0473,108150,1074,54,94.97,8.54,1,Brakes
VH-0474,143203,568,311,101.7,12.58,1,Engine
VH-0475,174800,2142,120,93.45,9.79,1,Brakes
VH-0476,187865,2631,342,89.72,13.76,1,Brakes
VH-0477,13745,921,137,74.63,14.44,1,Fuel
VH-0478,149347,435,317,75.84,15.72,1,Fuel
VH-0479,32920,716,198,90.91,11.16,1,Brakes
VH-0480,70465,3275,173,87.49,14.82,1,Fuel
VH-0481,184180,4308,111,82.26,15.9,1,Fuel
VH-0482,62607,942,305,90.46,8.39,1,Brakes
VH-0483,177331,1635,26,90.81,14.03,1,Fuel
VH-0484,107231,1751,173,96.61,14.9,1,Fuel
VH-0485,58854,1835,137,90.96,11.85,1,Brakes
VH-0486,80191,1259,200,98.6,9.47,1,Engine
VH-0487,121461,323,96,90.06,14.86,1,Fuel
VH-0488,170680,2649,244,89.19,9.5,1,Brakes
VH-0489,137263,1818,143,97.45,12.05,1,Brakes
VH-0490,205977,1744,72,83.15,12.4,1,Brakes
VH-0491,192225,1360,75,109.7,14.29,1,Engine
VH-0492,168204,4650,255,92.63,10.93,1,Brakes
VH-0493,136652,3071,99,92.67,10.79,1,Brakes
VH-0494,70869,2122,115,93.68,12.75,1,Brakes
VH-0495,96640,1066,230,103.14,15.02,1,Engine
VH-0496,34967,4015,123,95.55,18.22,1,Fuel
VH-0497,88578,4447,144,78.76,8.73,1,Brakes
VH-0498,204559,209,93,99.82,13.29,1,Engine
VH-0499,99435,4651,129,87.61,9.78,1,Brakes
VH-0500,33883,3512,254,90.75,15.05,1,Fuel
VH-0501,146905,544,197,81.05,10.15,1,Brakes
VH-0502,212149,3778,364,93.68,10.81,1,Brakes
VH-0503,192173,581,282,85.44,11.03,1,Brakes
VH-0504,67556,301,11,90.7,12.31,1,Brakes
VH-0505,105318,620,141,88.01,13.31,1,Brakes
VH-0506,121513,2326,109,103.48,13.71,1,Engine
VH-0507,62046,3116,216,103.88,12.49,1,Engine
VH-0508,66425,2066,100,90.33,9.18,1,Brakes
VH-0509,59699,653,352,90.45,14.32,1,Fuel
VH-0510,218862,1035,112,87.39,12.37,1,Brakes
VH-0511,166662,4269,192,97.74,15.4,1,Fuel
VH-0512,186579,4814,49,87.7,10.73,1,Brakes
VH-0513,181479,3783,332,87.05,8.49,1,Brakes
VH-0514,211420,561,333,96.85,12.41,1,Brakes
VH-0515,32108,4108,290,86.23,15.74,1,Fuel
VH-0516,195142,3475,131,89.74,12.9,1,Brakes
VH-0517,23977,2653,26,78.93,12.0,0,Healthy
VH-0518,109838,759,260,94.93,10.32,1,Brakes
VH-0519,134831,4983,159,103.59,16.89,1,Engine
VH-0520,85150,2240,361,95.05,9.93,1,Brakes
VH-0521,40696,268,256,100.23,10.69,1,Engine
VH-0522,50383,1089,198,84.08,13.93,1,Brakes
VH-0523,183179,2036,360,91.65,7.86,1,Brakes
VH-0524,76932,358,293,83.4,15.69,1,Fuel
VH-0525,75170,1653,170,88.41,14.06,1,Fuel
VH-0526,203905,2368,11,95.41,14.75,1,Fuel
VH-0527,40213,4745,38,90.71,13.9,1,Brakes
VH-0528,202206,477,164,80.11,12.1,1,Brakes
VH-0529,203403,2905,207,80.79,9.84,1,Brakes
VH-0530,135697,4583,15,80.33,12.15,1,Brakes
VH-0531,44761,4040,50,93.44,10.06,1,Brakes
VH-0532,42730,4628,258,104.45,13.72,1,Engine
VH-0533,69791,893,275,99.54,14.52,1,Engine
VH-0534,131257,4016,15,76.73,16.19,1,Fuel
VH-0535,42258,4894,187,99.95,13.43,1,Engine
VH-0536,105688,1663,34,96.55,14.81,1,Fuel
VH-0537,34252,2518,265,79.18,11.76,1,Brakes
VH-0538,123459,2677,305,87.88,11.3,1,Brakes
VH-0539,14441,2493,317,97.67,13.68,1,Brakes
VH-0540,158897,1484,220,93.85,11.53,1,Brakes
VH-0541,21633,4855,231,80.84,13.17,1,Brakes
VH-0542,50912,4784,338,94.28,9.85,1,Brakes
VH-0543,46674,1934,225,75.04,10.3,1,Brakes
VH-0544,184508,4036,165,88.44,14.09,1,Fuel
VH-0545,21210,2017,276,97.97,14.72,1,Fuel
VH-0546,100144,3984,217,90.13,10.04,1,Brakes
VH-0547,134140,2944,308,86.51,14.18,1,Fuel
VH-0548,118359,2377,193,96.23,11.17,1,Brakes
VH-0549,152950,683,317,96.82,12.54,1,Brakes
VH-0550,178651,3290,21,99.17,16.04,1,Engine
VH-0551,92662,1639,18,96.12,14.52,1,Fuel
VH-0552,183925,1123,40,97.57,14.49,1,Fuel
VH-0553,76778,1006,205,95.13,17.27,1,Fuel
VH-0554,216728,4910,260,91.86,10.74,1,Brakes
VH-0555,115950,561,82,90.63,10.04,1,Brakes
VH-0556,164562,4002,61,88.34,10.69,1,Brakes
VH-0557,193751,4337,314,81.51,11.86,1,Brakes
VH-0558,176456,203,275,83.31,7.0,1,Brakes
VH-0559,188737,2967,238,88.03,11.98,1,Brakes
VH-0560,122667,2908,180,91.69,11.14,1,Brakes
VH-0561,19129,1825,156,100.09,14.46,1,Engine
VH-0562,113547,3350,12,89.71,13.38,1,Brakes
VH-0563,48114,2072,72,97.02,11.0,1,Brakes
VH-0564,196714,2226,327,97.56,13.97,1,Brakes
VH-0565,59716,2186,127,88.38,14.31,1,Fuel
VH-0566,57894,4013,258,94.16,10.58,1,Brakes
VH-0567,62371,3184,258,88.3,11.27,1,Brakes
VH-0568,144938,1926,116,99.25,7.0,1,Engine
VH-0569,129958,4637,78,94.45,9.77,1,Brakes
VH-0570,209256,4020,254,81.67,10.64,1,Brakes
VH-0571,97415,4667,38,91.13,12.69,1,Brakes
VH-0572,69278,3665,183,101.54,10.14,1,Engine
VH-0573,20343,1987,324,88.73,11.22,1,Brakes
VH-0574,11485,3876,261,93.13,9.44,1,Brakes
VH-0575,88458,1679,280,93.82,12.93,1,Brakes
VH-0576,204421,1391,34,82.74,13.56,1,Brakes
VH-0577,119988,2282,76,93.57,13.51,1,Brakes
VH-0578,197644,4848,104,80.24,12.53,1,Brakes
VH-0579,31351,2861,110,85.62,8.65,1,Brakes
VH-0580,29597,1949,74,97.53,10.95,1,Brakes
VH-0581,185026,2335,354,92.5,11.48,1,Brakes
VH-0582,32415,1491,64,87.87,11.49,1,Brakes
VH-0583,20911,3310,259,93.13,12.69,1,Brakes
VH-0584,94859,1784,216,89.58,16.06,1,Fuel
VH-0585,204216,2794,224,90.09,14.53,1,Fuel
VH-0586,154770,1880,82,94.6,10.03,1,Brakes
VH-0587,30813,1637,115,84.91,14.2,1,Fuel
VH-0588,185797,4852,223,90.28,14.1,1,Fuel
VH-0589,187150,1761,112,87.81,10.48,1,Brakes
VH-0590,178146,399,254,78.9,14.62,1,Fuel
VH-0591,199557,1924,19,83.56,12.1,1,Brakes
VH-0592,60374,2684,31,100.98,8.98,1,Engine
VH-0593,215709,518,267,92.69,13.64,1,Brakes
VH-0594,77346,1563,227,80.73,13.04,1,Brakes
VH-0595,178425,872,20,79.22,11.93,1,Brakes
VH-0596,131666,2528,328,89.21,12.41,1,Brakes
VH-0597,173690,3629,6,100.93,10.7,1,Engine
VH-0598,141842,4843,348,88.69,14.03,1,Fuel
VH-0599,144921,1976,267,99.15,12.39,1,Engine
VH-0600,139419,4323,360,92.46,12.92,1,Brakes
VH-0601,173589,1111,346,93.3,13.39,1,Brakes
VH-0602,165199,3913,117,80.65,9.61,1,Brakes
VH-0603,38255,2835,277,96.56,10.26,1,Brakes
VH-0604,183471,3802,80,87.66,7.0,1,Brakes
VH-0605,122574,3789,174,96.04,13.91,1,Brakes
VH-0606,77847,2685,91,84.3,9.47,1,Brakes
VH-0607,117986,1324,179,91.24,12.83,1,Brakes
VH-0608,213066,2654,319,92.46,13.43,1,Brakes
VH-0609,190090,4142,162,88.92,14.01,1,Fuel
VH-0610,185076,4854,38,92.83,9.49,1,Brakes
VH-0611,107187,4641,121,88.14,12.34,1,Brakes
VH-0612,174668,948,288,85.46,16.68,1,Fuel
VH-0613,90868,3007,192,101.24,16.79,1,Engine
VH-0614,154094,567,206,97.34,14.97,1,Fuel
VH-0615,144308,3361,160,84.67,13.34,1,Brakes
VH-0616,62457,4962,110,93.98,9.99,1,Brakes
VH-0617,65957,310,220,84.8,14.3,1,Fuel
VH-0618,22837,3300,232,81.71,12.1,1,Brakes
VH-0619,39351,4730,328,97.24,13.9,1,Brakes
VH-0620,101059,4243,227,78.07,10.92,1,Brakes
VH-0621,110354,1992,363,96.49,12.07,1,Brakes
VH-0622,44675,564,302,88.23,12.91,1,Brakes
VH-0623,97546,4623,33,88.52,13.12,1,Brakes
VH-0624,136877,4610,146,92.87,13.73,1,Brakes
VH-0625,58839,2915,143,94.07,11.05,1,Brakes
VH-0626,81029,4895,6,84.22,9.14,1,Brakes
VH-0627,87177,72,70,95.02,16.56,1,Fuel
VH-0628,116061,3102,279,90.79,18.72,1,Fuel
VH-0629,86942,240,131,81.21,13.62,1,Brakes
VH-0630,164758,4681,58,88.81,9.19,1,Brakes
VH-0631,78774,3418,108,99.67,10.57,1,Engine
VH-0632,101118,4571,103,101.74,13.77,1,Engine
VH-0633,89687,2835,67,95.02,15.85,1,Fuel
VH-0634,48412,462,41,81.67,9.47,1,Brakes
VH-0635,154006,181,280,93.43,12.19,1,Brakes
VH-0636,59443,1711,301,95.96,12.99,1,Brakes
VH-0637,72344,3730,183,95.08,14.66,1,Fuel
VH-0638,176477,797,226,95.49,11.64,1,Brakes
VH-0639,209260,4268,335,92.54,8.59,1,Brakes
VH-0640,150877,1235,308,89.49,14.05,1,Fuel
VH-0641,202433,2507,16,85.74,15.31,1,Fuel
VH-0642,189380,1055,348,76.71,12.29,1,Brakes
VH-0643,110991,2355,29,92.38,13.51,1,Brakes
VH-0644,171760,2288,14,91.3,11.31,1,Brakes
VH-0645,78955,77,150,93.9,10.39,1,Brakes
VH-0646,106704,2860,273,80.64,15.07,1,Fuel
VH-0647,122441,3943,33,94.52,13.47,1,Brakes
VH-0648,211703,4684,110,104.38,13.73,1,Engine
VH-0649,188197,1687,99,90.55,16.26,1,Fuel
VH-0650,112743,4408,148,89.57,9.86,1,Brakes
VH-0651,147043,4399,359,92.16,11.12,1,Brakes
VH-0652,52494,4942,124,104.23,12.89,1,Engine
VH-0653,178922,1896,80,82.83,11.09,1,Brakes
VH-0654,126137,4261,49,91.42,14.46,1,Fuel
VH-0655,121871,2847,76,84.4,12.03,1,Brakes
VH-0656,170919,338,52,86.17,10.02,1,Brakes
VH-0657,142912,1388,211,89.65,12.66,1,Brakes
VH-0658,25218,3376,156,99.43,12.93,1,Engine
VH-0659,70512,844,184,102.61,14.84,1,Engine
VH-0660,47110,2201,304,93.14,13.48,1,Brakes
VH-0661,164327,3885,213,87.36,13.65,1,Brakes
VH-0662,17380,791,60,107.45,13.3,1,Engine
VH-0663,52504,2508,140,87.01,12.03,1,Brakes
VH-0664,135463,1113,117,86.0,10.71,1,Brakes
VH-0665,155907,2705,302,77.58,13.22,1,Brakes
VH-0666,115694,1241,115,99.77,11.67,1,Engine
VH-0667,190751,4828,54,96.78,16.72,1,Fuel
VH-0668,202977,429,269,106.92,15.86,1,Engine
VH-0669,37741,4819,159,80.27,14.08,1,Fuel
VH-0670,210027,3969,39,100.21,13.45,1,Engine
VH-0671,139019,4285,253,90.49,12.28,1,Brakes
VH-0672,143606,4264,80,95.64,9.35,1,Brakes
VH-0673,29970,978,317,78.47,11.96,1,Brakes
VH-0674,140593,4658,304,100.28,12.75,1,Engine
VH-0675,162400,2991,138,95.51,13.07,1,Brakes
VH-0676,131966,4812,205,89.73,13.67,1,Brakes
VH-0677,27743,4396,209,94.52,14.8,1,Fuel
VH-0678,119877,2919,240,84.64,10.77,1,Brakes
VH-0679,206547,1903,29,85.94,10.79,1,Brakes
VH-0680,161917,630,121,86.76,16.13,1,Fuel
VH-0681,38855,550,66,77.03,14.43,0,Healthy
VH-0682,211587,1979,256,96.03,11.52,1,Brakes
VH-0683,211364,4064,29,98.34,12.23,1,Engine
VH-0684,45573,2551,191,85.09,12.24,1,Brakes
VH-0685,178185,2434,267,92.44,12.58,1,Brakes
VH-0686,95410,1260,346,88.14,13.68,1,Brakes
VH-0687,134673,2843,108,92.3,18.84,1,Fuel
VH-0688,103489,3208,7,85.61,12.97,1,Brakes
VH-0689,174351,4911,265,83.82,14.16,1,Fuel
VH-0690,219298,3660,5,97.36,8.28,1,Brakes
VH-0691,176974,3055,28,89.55,11.29,1,Brakes
VH-0692,205588,4554,361,104.15,15.57,1,Engine
VH-0693,208665,2153,315,90.32,13.51,1,Brakes
VH-0694,28922,4677,259,83.52,7.0,1,Brakes
VH-0695,63210,1881,305,98.59,14.19,1,Engine
VH-0696,161589,682,32,94.42,17.3,1,Fuel
VH-0697,133915,2117,37,95.09,7.51,1,Brakes
VH-0698,20530,687,113,98.33,16.3,1,Engine
VH-0699,29960,636,13,85.43,7.0,0,Healthy
VH-0700,119314,4411,324,89.11,14.84,1,Fuel
VH-0701,139394,3984,25,88.8,12.48,1,Brakes
VH-0702,45221,1144,200,80.96,7.0,1,Brakes
VH-0703,45971,4196,312,88.15,13.62,1,Brakes
VH-0704,37161,391,269,99.35,15.38,1,Engine
VH-0705,128639,1457,89,91.66,13.41,1,Brakes
VH-0706,11649,3545,174,80.58,13.96,1,Brakes
VH-0707,130210,1553,202,79.11,11.47,1,Brakes
VH-0708,109945,3665,281,101.65,7.85,1,Engine
VH-0709,107856,4377,158,89.37,14.23,1,Fuel
VH-0710,152648,377,107,85.47,16.87,1,Fuel
VH-0711,119752,168,291,88.08,15.32,1,Fuel
VH-0712,162827,4703,324,79.66,7.53,1,Brakes
VH-0713,170423,2626,181,99.96,8.71,1,Engine
VH-0714,203224,2557,15,87.25,10.39,1,Brakes
VH-0715,177841,2345,185,99.57,8.52,1,Engine
VH-0716,118718,2196,325,90.36,12.61,1,Brakes
VH-0717,113352,3466,361,100.01,13.48,1,Engine
VH-0718,59498,2919,149,91.8,8.92,1,Brakes
VH-0719,135914,858,59,95.97,14.44,1,Fuel
VH-0720,39218,3151,210,95.03,14.0,1,Fuel
VH-0721,205559,3358,304,94.36,11.13,1,Brakes
VH-0722,187459,612,345,92.44,12.07,1,Brakes
VH-0723,35144,1914,23,88.37,7.63,1,Brakes
VH-0724,175050,3963,109,103.41,11.67,1,Engine
VH-0725,34591,3112,176,83.65,12.52,1,Brakes
VH-0726,161457,725,40,90.03,12.92,1,Brakes
VH-0727,28418,248,324,90.1,13.45,1,Brakes
VH-0728,112520,2926,45,92.82,13.11,1,Brakes
VH-0729,148151,2335,244,86.99,11.84,1,Brakes
VH-0730,163050,4807,335,92.2,13.22,1,Brakes
VH-0731,97907,2635,251,88.82,15.01,1,Fuel
VH-0732,203540,4660,279,78.93,12.26,1,Brakes
VH-0733,172607,1110,99,90.07,13.29,1,Brakes
VH-0734,53735,2264,302,82.3,12.03,1,Brakes
VH-0735,150958,741,155,77.86,10.88,1,Brakes
VH-0736,163412,2892,27,90.96,13.81,1,Brakes
VH-0737,80063,982,136,93.42,11.11,1,Brakes
VH-0738,165028,2486,130,93.69,13.47,1,Brakes
VH-0739,198656,1753,192,93.97,12.57,1,Brakes
VH-0740,181593,969,100,76.47,11.74,1,Brakes
VH-0741,170131,529,171,80.47,11.68,1,Brakes
VH-0742,143244,2584,159,103.81,11.23,1,Engine
VH-0743,66812,4739,122,82.67,8.39,1,Brakes
VH-0744,176996,1033,255,94.28,13.46,1,Brakes
VH-0745,86480,2054,114,85.19,13.08,1,Brakes
VH-0746,121761,1161,280,90.56,14.62,1,Fuel
VH-0747,76032,4054,95,85.57,11.17,1,Brakes
VH-0748,75733,2103,316,93.93,17.24,1,Fuel
VH-0749,43098,4873,136,90.96,11.55,1,Brakes
VH-0750,211872,1263,19,86.86,10.31,1,Brakes
VH-0751,41034,449,58,82.65,10.02,1,Brakes
VH-0752,28114,2933,295,91.87,8.17,1,Brakes
VH-0753,206586,3275,318,81.51,16.33,1,Fuel
VH-0754,126552,4954,81,92.99,15.93,1,Fuel
VH-0755,101959,4363,221,108.39,14.0,1,Engine
VH-0756,164873,4426,211,99.45,10.26,1,Engine
VH-0757,90497,3189,53,95.03,17.03,1,Fuel
VH-0758,36863,1831,167,89.4,11.62,1,Brakes
VH-0759,163233,2173,254,76.43,11.83,1,Brakes
VH-0760,46959,712,353,80.74,16.09,1,Fuel
VH-0761,126128,2183,310,98.98,14.15,1,Engine
VH-0762,209303,1853,40,84.47,18.0,1,Fuel
VH-0763,206589,227,90,85.11,13.12,1,Brakes
VH-0764,85764,1062,162,88.84,11.51,1,Brakes
VH-0765,173863,2696,59,82.57,10.97,1,Brakes
VH-0766,138661,1878,210,81.41,7.88,1,Brakes
VH-0767,110667,4968,8,89.65,11.8,1,Brakes
VH-0768,39384,2418,45,83.76,15.36,1,Fuel
VH-0769,89035,4795,22,84.81,14.0,1,Brakes
VH-0770,146902,3320,111,84.53,12.55,1,Brakes
VH-0771,217192,249,279,93.66,10.01,1,Brakes
VH-0772,11027,1057,68,88.38,13.07,1,Brakes
VH-0773,160729,3543,360,88.75,15.03,1,Fuel
VH-0774,187730,2748,102,94.18,13.58,1,Brakes
VH-0775,209750,1543,21,89.01,12.92,1,Brakes
VH-0776,98998,2634,125,88.05,10.51,1,Brakes
VH-0777,34880,4519,274,93.29,14.67,1,Fuel
VH-0778,66903,1974,43,94.68,7.0,1,Brakes
VH-0779,188612,273,30,88.97,13.46,1,Brakes
VH-0780,194366,1589,310,90.56,18.93,1,Fuel
VH-0781,143785,4682,218,84.53,8.73,1,Brakes
VH-0782,35775,3820,128,83.98,11.9,1,Brakes
VH-0783,35603,4195,277,95.38,12.48,1,Brakes
VH-0784,110416,4562,308,93.11,11.34,1,Brakes
VH-0785,133534,631,134,93.19,15.09,1,Fuel
VH-0786,16799,1449,207,91.97,13.68,1,Brakes
VH-0787,154080,346,8,90.32,12.88,1,Brakes
VH-0788,124347,73,115,94.87,14.49,1,Fuel
VH-0789,12583,4181,219,96.55,12.54,1,Brakes
VH-0790,30092,4687,75,96.38,20.45,1,Fuel
VH-0791,105406,821,361,89.29,12.88,1,Brakes
VH-0792,161742,3624,354,99.71,12.99,1,Engine
VH-0793,183333,2697,97,91.6,8.22,1,Brakes
VH-0794,100573,392,147,94.43,11.14,1,Brakes
VH-0795,72025,4582,73,91.97,15.37,1,Fuel
VH-0796,213345,4362,186,91.73,9.16,1,Brakes
VH-0797,106295,2858,49,84.85,7.11,1,Brakes
VH-0798,76231,3554,145,94.91,12.58,1,Brakes
VH-0799,102885,2016,204,109.92,15.93,1,Engine
VH-0800,12539,3974,225,87.38,12.61,1,Brakes
VH-0801,73404,2252,219,90.5,11.66,1,Brakes
VH-0802,118266,4946,84,86.88,7.85,1,Brakes
VH-0803,202872,362,290,86.58,13.63,1,Brakes
VH-0804,165027,902,254,100.81,14.15,1,Engine
VH-0805,174071,4845,276,85.29,8.05,1,Brakes
VH-0806,124429,1479,173,86.68,15.34,1,Fuel
VH-0807,33223,1587,326,78.89,14.41,1,Fuel
VH-0808,92094,3966,145,84.7,15.33,1,Fuel
VH-0809,219377,987,295,78.04,13.96,1,Brakes
VH-0810,19275,2592,78,94.42,14.13,1,Fuel
VH-0811,194632,1465,94,109.6,13.8,1,Engine
VH-0812,153744,1029,194,87.43,14.67,1,Fuel
VH-0813,69620,4823,205,78.33,7.95,1,Brakes
VH-0814,173377,1039,273,96.3,8.75,1,Brakes
VH-0815,185748,516,112,84.91,10.66,1,Brakes
VH-0816,19076,3385,319,99.1,12.18,1,Engine
VH-0817,32348,4343,123,88.03,13.47,1,Brakes
VH-0818,149807,681,197,85.58,13.31,1,Brakes
VH-0819,219811,3553,340,88.75,15.29,1,Fuel
VH-0820,15032,2726,199,95.3,15.37,1,Fuel
VH-0821,149793,4158,250,88.41,10.32,1,Brakes
VH-0822,38670,678,332,86.52,13.1,1,Brakes
VH-0823,146526,4880,355,88.61,10.38,1,Brakes
VH-0824,140896,3114,184,81.1,12.03,1,Brakes
VH-0825,28992,4218,155,92.78,13.3,1,Brakes
VH-0826,152952,1841,75,77.49,7.0,1,Brakes
VH-0827,198377,4719,198,86.89,18.53,1,Fuel
VH-0828,191323,3150,335,95.32,13.92,1,Brakes
VH-0829,16089,678,180,92.12,11.01,1,Brakes
VH-0830,61642,4618,130,94.13,17.32,1,Fuel
VH-0831,60573,3989,43,89.54,11.63,1,Brakes
VH-0832,105191,1535,145,98.19,12.83,1,Engine
VH-0833,40034,2751,90,96.47,11.28,1,Brakes
VH-0834,189412,1970,356,93.12,16.63,1,Fuel
VH-0835,173121,2740,194,96.49,12.24,1,Brakes
VH-0836,179753,4828,54,95.25,12.87,1,Brakes
VH-0837,51622,4499,29,86.92,15.51,1,Fuel
VH-0838,13060,1116,311,80.59,13.96,1,Brakes
VH-0839,201234,4860,340,92.94,12.36,1,Brakes
VH-0840,70670,2217,279,93.82,15.28,1,Fuel
VH-0841,147816,3538,49,97.63,18.85,1,Fuel
VH-0842,200981,3832,40,83.45,13.29,1,Brakes
VH-0843,17594,2440,76,83.65,12.79,1,Brakes
VH-0844,11149,2310,275,93.22,12.93,1,Brakes
VH-0845,11140,2309,280,89.5,15.78,1,Fuel
VH-0846,42828,4319,306,76.8,11.0,1,Brakes
VH-0847,20848,1962,39,92.63,11.8,1,Brakes
VH-0848,182195,1435,60,77.03,8.66,1,Brakes
VH-0849,137244,1839,329,83.38,9.54,1,Brakes
VH-0850,215809,1014,339,99.46,11.21,1,Engine
VH-0851,178311,1987,266,102.77,12.36,1,Engine
VH-0852,212269,614,43,81.49,16.92,1,Fuel
VH-0853,60096,494,29,87.69,13.84,1,Brakes
VH-0854,70437,3633,25,90.3,10.22,1,Brakes
VH-0855,188375,433,254,102.47,10.68,1,Engine
VH-0856,61425,2862,309,86.55,15.94,1,Fuel
VH-0857,22018,3910,232,86.66,15.32,1,Fuel
VH-0858,150517,3636,99,100.84,12.57,1,Engine
VH-0859,178202,2258,277,87.38,11.39,1,Brakes
VH-0860,213321,1008,26,95.06,15.31,1,Fuel
VH-0861,204837,4656,303,79.66,10.02,1,Brakes
VH-0862,35248,4184,326,88.8,13.48,1,Brakes
VH-0863,172142,3080,263,78.38,18.18,1,Fuel
VH-0864,187686,479,321,82.61,13.01,1,Brakes
VH-0865,156605,224,216,95.87,10.56,1,Brakes
VH-0866,182157,1610,173,89.65,13.53,1,Brakes
VH-0867,185975,829,121,87.77,11.32,1,Brakes
VH-0868,103775,4308,336,84.76,9.01,1,Brakes
VH-0869,18431,1068,256,88.46,14.25,1,Fuel
VH-0870,105800,1449,73,92.11,15.29,1,Fuel
VH-0871,52374,4879,349,96.88,11.72,1,Brakes
VH-0872,33883,4100,26,71.62,11.56,1,Brakes
VH-0873,36233,1132,216,84.18,10.1,1,Brakes
VH-0874,156448,1948,73,91.11,12.13,1,Brakes
VH-0875,115951,2602,244,89.31,11.09,1,Brakes
VH-0876,123366,3338,153,92.82,9.97,1,Brakes
VH-0877,166489,4684,162,91.87,17.23,1,Fuel
VH-0878,125136,4362,246,87.87,13.67,1,Brakes
VH-0879,142302,4887,277,86.31,13.93,1,Brakes
VH-0880,28065,251,141,88.28,14.71,1,Fuel
VH-0881,188737,1219,364,98.04,14.43,1,Engine
VH-0882,104243,2836,184,84.88,11.47,1,Brakes
VH-0883,42594,293,62,89.56,13.18,1,Brakes
VH-0884,180798,1808,7,91.28,11.83,1,Brakes
VH-0885,164270,810,77,100.92,13.6,1,Engine
VH-0886,21135,4667,253,87.9,13.35,1,Brakes
VH-0887,50538,363,199,96.71,11.54,1,Brakes
VH-0888,13307,784,126,98.62,9.18,1,Engine
VH-0889,66859,1015,178,89.55,12.87,1,Brakes
VH-0890,30995,785,306,88.52,11.99,1,Brakes
VH-0891,159079,2864,210,87.7,7.77,1,Brakes
VH-0892,119736,1853,25,88.21,13.77,1,Brakes
VH-0893,215843,4566,22,95.98,14.91,1,Fuel
VH-0894,167379,1341,178,91.62,18.82,1,Fuel
VH-0895,138424,2709,150,91.65,11.52,1,Brakes
VH-0896,116955,3317,311,82.12,11.15,1,Brakes
VH-0897,21445,3148,214,83.23,9.73,1,Brakes
VH-0898,24742,3992,277,105.0,13.02,1,Engine
VH-0899,139424,1049,215,88.76,13.01,1,Brakes
VH-0900,10919,2561,129,84.58,10.47,1,Brakes
VH-0901,18893,4012,241,100.02,12.06,1,Engine
VH-0902,56018,4321,228,91.97,7.55,1,Brakes
VH-0903,195670,3108,264,94.05,14.82,1,Fuel
VH-0904,106375,3276,73,89.03,10.57,1,Brakes
VH-0905,159011,4327,235,87.77,12.41,1,Brakes
VH-0906,96428,3143,107,88.81,8.93,1,Brakes
VH-0907,46356,4746,289,80.32,11.04,1,Brakes
VH-0908,87942,681,292,89.38,11.8,1,Brakes
VH-0909,29261,1772,229,92.07,12.47,1,Brakes
VH-0910,171753,605,345,102.95,13.7,1,Engine
VH-0911,48541,498,198,90.6,16.1,1,Fuel
VH-0912,89039,2386,14,73.66,14.33,1,Fuel
VH-0913,215805,1168,223,89.34,14.91,1,Fuel
VH-0914,134312,2065,284,109.18,16.12,1,Engine
VH-0915,106297,2217,41,96.06,13.92,1,Brakes
VH-0916,124032,3123,42,84.32,12.41,1,Brakes
VH-0917,174656,4731,103,94.14,15.02,1,Fuel
VH-0918,63441,4254,308,84.81,15.18,1,Fuel
VH-0919,143645,1922,194,80.52,14.12,1,Fuel
VH-0920,193265,1661,356,87.56,8.86,1,Brakes
VH-0921,130206,3865,319,90.64,10.4,1,Brakes
VH-0922,103773,662,204,76.89,11.81,1,Brakes
VH-0923,40477,2725,249,81.96,14.45,1,Fuel
VH-0924,62140,2143,124,90.07,12.45,1,Brakes
VH-0925,208665,954,37,87.14,15.34,1,Fuel
VH-0926,123664,3101,148,92.76,15.79,1,Fuel
VH-0927,73281,1637,218,81.5,15.5,1,Fuel
VH-0928,97857,968,70,95.0,15.51,1,Fuel
VH-0929,131383,3283,84,81.71,9.91,1,Brakes
VH-0930,122884,912,10,101.5,13.71,1,Engine
VH-0931,156952,3380,269,77.99,10.98,1,Brakes
VH-0932,64073,852,328,82.35,8.38,1,Brakes
VH-0933,146338,2202,302,92.92,11.78,1,Brakes
VH-0934,102962,4049,141,101.65,15.81,1,Engine
VH-0935,207524,1181,218,92.21,13.65,1,Brakes
VH-0936,43163,3849,350,93.94,17.54,1,Fuel
VH-0937,41172,3623,217,90.12,12.94,1,Brakes
VH-0938,106948,4518,111,82.82,18.62,1,Fuel
VH-0939,116754,885,126,86.57,12.94,1,Brakes
VH-0940,155083,3589,266,81.52,12.56,1,Brakes
VH-0941,94847,4686,165,81.05,9.3,1,Brakes
VH-0942,201880,3826,306,92.81,15.28,1,Fuel
VH-0943,109575,980,316,82.14,11.24,1,Brakes
VH-0944,37160,4119,17,92.24,10.88,1,Brakes
VH-0945,35035,581,265,80.89,15.7,1,Fuel
VH-0946,214415,2964,138,92.07,15.4,1,Fuel
VH-0947,38159,2513,192,86.58,15.33,1,Fuel
VH-0948,209048,2678,100,99.85,11.59,1,Engine
VH-0949,68395,2621,137,92.27,12.37,1,Brakes
VH-0950,29615,205,123,98.65,12.35,1,Engine
VH-0951,73987,2565,23,84.71,14.46,1,Fuel
VH-0952,139086,4686,286,90.39,16.38,1,Fuel
VH-0953,99859,2211,56,83.13,13.42,1,Brakes
VH-0954,174971,1420,140,87.1,17.44,1,Fuel
VH-0955,138307,4974,74,88.17,14.74,1,Fuel
VH-0956,94164,540,62,84.92,11.91,1,Brakes
VH-0957,143272,2457,139,81.49,14.57,1,Fuel
VH-0958,214007,2587,335,80.11,16.76,1,Fuel
VH-0959,96480,2415,344,73.62,17.5,1,Fuel
VH-0960,42223,4612,142,82.61,15.47,1,Fuel
VH-0961,95844,2137,186,94.39,12.56,1,Brakes
VH-0962,186424,4867,359,78.81,11.96,1,Brakes
VH-0963,55701,380,89,80.42,13.94,1,Brakes
VH-0964,209319,3682,345,102.54,16.68,1,Engine
VH-0965,133544,2985,43,85.54,13.58,1,Brakes
VH-0966,136330,1240,86,92.25,13.64,1,Brakes
VH-0967,76578,1178,126,94.5,12.63,1,Brakes
VH-0968,203295,3612,18,94.64,11.68,1,Brakes
VH-0969,17572,3206,298,79.34,12.09,1,Brakes
VH-0970,72720,3075,312,88.38,12.84,1,Brakes
VH-0971,97864,301,143,78.67,16.8,1,Fuel
VH-0972,110227,3009,306,107.12,11.9,1,Engine
VH-0973,109567,4907,283,78.84,12.63,1,Brakes
VH-0974,41064,135,293,82.67,10.34,1,Brakes
VH-0975,57374,2371,293,82.72,14.29,1,Fuel
VH-0976,30000,2497,211,79.52,15.92,1,Fuel
VH-0977,130216,4488,44,99.47,16.56,1,Engine
VH-0978,83682,1450,337,106.96,13.01,1,Engine
VH-0979,128812,2404,224,86.67,13.94,1,Brakes
VH-0980,133840,3600,329,80.76,12.12,1,Brakes
VH-0981,157420,348,350,74.34,13.82,1,Brakes
VH-0982,124877,4015,72,88.29,13.28,1,Brakes
VH-0983,146069,4119,149,87.79,12.65,1,Brakes
VH-0984,133301,3612,74,85.44,12.84,1,Brakes
VH-0985,147010,3258,23,91.55,13.63,1,Brakes
VH-0986,139495,3750,352,92.77,11.76,1,Brakes
VH-0987,76404,3919,337,92.26,11.89,1,Brakes
VH-0988,61719,4521,340,87.79,16.77,1,Fuel
VH-0989,175360,2169,323,82.29,19.28,1,Fuel
VH-0990,81967,2307,238,94.66,9.49,1,Brakes
VH-0991,125320,3207,192,90.09,9.35,1,Brakes
VH-0992,51364,1005,361,96.22,10.11,1,Brakes
VH-0993,100597,4288,203,95.53,12.24,1,Brakes
VH-0994,121229,3864,236,80.05,14.74,1,Fuel
VH-0995,141462,3173,81,79.96,13.98,1,Brakes
VH-0996,120539,1543,273,84.71,12.93,1,Brakes
VH-0997,85738,1770,300,82.61,13.82,1,Brakes
VH-0998,211971,2203,249,95.29,10.77,1,Brakes
VH-0999,117675,3329,184,92.46,11.89,1,Brakes
VH-1000,179743,3901,76,97.69,12.45,1,Brakes
VH-1001,164708,3375,17,92.78,8.54,1,Brakes
VH-1002,127246,4653,230,91.46,9.6,1,Brakes
VH-1003,196144,4804,250,98.4,9.7,1,Engine
VH-1004,36936,3539,283,93.29,14.41,1,Fuel
VH-1005,203422,1886,347,90.48,13.11,1,Brakes
VH-1006,188547,3015,184,100.36,14.03,1,Engine
VH-1007,115762,2154,303,90.81,7.9,1,Brakes
VH-1008,164012,3164,262,87.87,8.79,1,Brakes
VH-1009,119257,4070,104,84.14,14.16,1,Fuel
VH-1010,66440,1878,309,94.92,7.0,1,Brakes
VH-1011,177972,2553,24,98.66,15.56,1,Engine
VH-1012,61643,275,220,89.65,7.94,1,Brakes
VH-1013,76034,3696,343,99.16,14.61,1,Engine
VH-1014,119051,2474,242,76.21,10.28,1,Brakes
VH-1015,185850,2325,342,89.61,15.12,1,Fuel
VH-1016,90624,2685,25,89.72,20.52,1,Fuel
VH-1017,113769,1116,196,84.91,7.0,1,Brakes
VH-1018,18749,3009,286,106.69,14.24,1,Engine
VH-1019,34329,3738,236,89.54,7.98,1,Brakes
VH-1020,21748,1780,321,87.15,13.57,1,Brakes
VH-1021,25132,699,171,90.18,11.98,1,Brakes
VH-1022,192389,1964,250,75.98,12.82,1,Brakes
VH-1023,186818,1032,156,84.68,10.22,1,Brakes
VH-1024,182596,1900,318,96.88,14.45,1,Fuel
VH-1025,21669,3152,48,85.6,8.88,1,Brakes
VH-1026,26305,611,96,84.2,15.6,1,Fuel
VH-1027,68928,3748,39,99.17,11.48,1,Engine
VH-1028,128711,1161,257,99.38,8.99,1,Engine
VH-1029,80167,4478,88,93.62,16.49,1,Fuel
VH-1030,112387,3675,119,86.81,12.33,1,Brakes
VH-1031,46328,1399,306,88.32,17.27,1,Fuel
VH-1032,163463,2837,134,84.37,15.55,1,Fuel
VH-1033,75917,598,57,83.04,10.5,1,Brakes
VH-1034,23973,543,12,82.69,12.29,1,Brakes
VH-1035,165965,4782,86,85.67,12.8,1,Brakes
VH-1036,199585,4022,334,82.76,16.32,1,Fuel
VH-1037,13083,814,202,79.05,13.59,1,Brakes
VH-1038,101701,1449,363,91.54,12.94,1,Brakes
VH-1039,183706,1028,82,91.64,12.0,1,Brakes
VH-1040,158294,2006,131,101.91,12.37,1,Engine
VH-1041,189875,1492,63,85.32,15.76,1,Fuel
VH-1042,97194,1673,148,92.07,12.51,1,Brakes
VH-1043,88174,2670,207,92.19,11.51,1,Brakes
VH-1044,158926,985,295,88.22,11.09,1,Brakes
VH-1045,42258,4419,137,95.21,11.12,1,Brakes
VH-1046,60278,3651,282,95.43,8.99,1,Brakes
VH-1047,136176,3814,230,92.29,10.62,1,Brakes
VH-1048,150375,888,110,88.21,16.25,1,Fuel
VH-1049,35131,3555,333,87.5,11.98,1,Brakes
VH-1050,116745,4189,161,80.43,14.26,1,Fuel
VH-1051,86633,917,59,84.36,7.0,1,Brakes
VH-1052,115366,3768,351,85.65,13.92,1,Brakes
VH-1053,211270,1820,333,82.13,12.1,1,Brakes
VH-1054,26088,3948,22,93.08,11.3,1,Brakes
VH-1055,219047,2418,329,98.38,12.95,1,Engine
VH-1056,104411,4020,346,83.64,11.26,1,Brakes
VH-1057,172142,779,303,91.98,7.19,1,Brakes
VH-1058,99138,1975,96,82.76,14.81,1,Fuel
VH-1059,75301,1403,232,87.87,13.11,1,Brakes
VH-1060,171825,1279,198,85.17,11.72,1,Brakes
VH-1061,154409,1576,228,94.21,10.08,1,Brakes
VH-1062,40252,1943,226,85.25,8.83,1,Brakes
VH-1063,158135,680,235,97.08,13.06,1,Brakes
VH-1064,168146,3550,190,88.28,16.53,1,Fuel
VH-1065,91446,2773,253,85.45,13.01,1,Brakes
VH-1066,204386,4154,194,81.23,9.04,1,Brakes
VH-1067,144586,3539,10,91.77,13.06,1,Brakes
VH-1068,80061,787,17,96.27,12.37,1,Brakes
VH-1069,12252,396,349,91.91,14.66,1,Fuel
VH-1070,151741,2142,332,105.67,14.02,1,Engine
VH-1071,53902,2431,215,100.01,7.0,1,Engine
VH-1072,168870,1239,67,87.85,13.86,1,Brakes
VH-1073,120268,3921,286,87.77,9.99,1,Brakes
VH-1074,108012,2928,56,93.29,8.95,1,Brakes
VH-1075,44387,3752,140,84.13,12.03,1,Brakes
VH-1076,159416,589,123,98.16,13.53,1,Engine
VH-1077,44840,4084,9,92.53,8.4,1,Brakes
VH-1078,97728,1070,295,91.8,14.26,1,Fuel
VH-1079,185623,2268,188,94.81,14.41,1,Fuel
VH-1080,203276,2224,118,102.06,12.62,1,Engine
VH-1081,217717,4111,187,91.2,10.33,1,Brakes
VH-1082,211182,1420,5,89.21,10.05,1,Brakes
VH-1083,126753,1241,162,100.56,15.06,1,Engine
VH-1084,52100,1731,192,96.77,8.72,1,Brakes
VH-1085,186204,1836,127,87.75,15.16,1,Fuel
VH-1086,178342,949,303,90.04,12.09,1,Brakes
VH-1087,217967,922,94,91.37,12.26,1,Brakes
VH-1088,146699,1195,54,92.53,8.23,1,Brakes
VH-1089,39735,2364,194,80.5,12.13,1,Brakes
VH-1090,115609,1749,324,79.2,14.03,1,Fuel
VH-1091,104131,1990,140,83.79,9.16,1,Brakes
VH-1092,187018,3609,21,83.25,13.75,1,Brakes
VH-1093,92440,1242,354,85.49,12.72,1,Brakes
VH-1094,79004,4553,164,94.44,10.89,1,Brakes
VH-1095,26810,3771,67,88.82,14.64,1,Fuel
VH-1096,185445,914,226,91.37,7.0,1,Brakes
VH-1097,168619,1603,120,81.43,13.37,1,Brakes
VH-1098,18657,958,342,86.77,16.55,1,Fuel
VH-1099,101093,1400,110,94.11,16.1,1,Fuel
VH-1100,110740,1859,203,94.16,13.47,1,Brakes
VH-1101,108558,697,200,84.93,11.75,1,Brakes
VH-1102,202975,121,92,91.13,10.91,1,Brakes
VH-1103,41641,2222,184,105.39,11.74,1,Engine
VH-1104,74332,3519,44,89.88,13.86,1,Brakes
VH-1105,47994,1549,236,85.15,10.48,1,Brakes
VH-1106,61257,4309,277,88.78,14.39,1,Fuel
VH-1107,200491,1877,347,90.65,17.83,1,Fuel
VH-1108,207551,4508,122,88.94,12.35,1,Brakes
VH-1109,19376,1218,107,89.78,9.14,1,Brakes
VH-1110,142739,2719,202,79.9,9.14,1,Brakes
VH-1111,58898,3827,254,83.26,14.44,1,Fuel
VH-1112,50437,342,362,88.95,12.35,1,Brakes
VH-1113,71332,4653,14,88.84,14.69,1,Fuel
VH-1114,50821,1856,90,86.04,11.17,1,Brakes
VH-1115,112941,2514,99,88.76,14.58,1,Fuel
VH-1116,219078,3160,96,90.43,12.1,1,Brakes
VH-1117,133153,3232,171,96.23,10.67,1,Brakes
VH-1118,161881,167,319,89.31,11.5,1,Brakes
VH-1119,113590,4342,16,92.79,9.51,1,Brakes
VH-1120,12920,3136,298,86.21,17.47,1,Fuel
VH-1121,27664,4994,227,94.0,12.26,1,Brakes
VH-1122,66463,2383,226,92.63,14.11,1,Fuel
VH-1123,61170,3086,249,96.06,11.16,1,Brakes
VH-1124,186521,2233,46,94.99,9.87,1,Brakes
VH-1125,187153,4454,273,94.12,11.92,1,Brakes
VH-1126,189365,4170,94,89.31,15.25,1,Fuel
VH-1127,143893,4547,190,91.71,11.2,1,Brakes
VH-1128,126796,2546,248,97.44,10.32,1,Brakes
VH-1129,146321,3967,222,85.44,12.89,1,Brakes
VH-1130,95429,1826,121,85.6,13.75,1,Brakes
VH-1131,150742,2331,147,91.27,16.61,1,Fuel
VH-1132,176832,3813,176,92.91,13.38,1,Brakes
VH-1133,170209,451,19,84.23,14.11,1,Fuel
VH-1134,138904,3566,266,89.48,14.3,1,Fuel
VH-1135,22202,128,40,89.34,9.62,1,Brakes
VH-1136,162239,2924,170,74.49,10.09,1,Brakes
VH-1137,86987,2412,240,88.46,9.79,1,Brakes
VH-1138,166170,2369,33,88.9,9.17,1,Brakes
VH-1139,123300,2496,363,88.88,14.49,1,Fuel
VH-1140,195049,2485,140,99.91,13.23,1,Engine
VH-1141,81075,2066,10,81.49,12.7,1,Brakes
VH-1142,205592,2284,242,84.23,7.0,1,Brakes
VH-1143,187340,2862,205,71.71,17.64,1,Fuel
VH-1144,79532,3829,235,86.63,10.26,1,Brakes
VH-1145,111340,2783,275,87.23,17.63,1,Fuel
VH-1146,121583,3230,176,86.43,8.88,1,Brakes
VH-1147,171411,4191,302,97.75,10.47,1,Brakes
VH-1148,154723,4948,138,96.02,7.0,1,Brakes
VH-1149,188923,587,201,90.54,13.41,1,Brakes
VH-1150,87672,3578,62,87.41,9.75,1,Brakes
VH-1151,116006,1164,228,97.18,9.82,1,Brakes
VH-1152,100481,1024,99,89.86,9.07,1,Brakes
VH-1153,201005,3975,255,84.27,14.44,1,Fuel
VH-1154,74045,390,293,77.99,14.28,1,Fuel
VH-1155,133296,4246,314,86.91,17.03,1,Fuel
VH-1156,35234,3864,339,95.28,10.79,1,Brakes
VH-1157,188557,4974,49,105.94,13.05,1,Engine
VH-1158,90685,3356,54,90.43,9.28,1,Brakes
VH-1159,81524,4370,338,84.64,11.66,1,Brakes
VH-1160,132412,636,142,81.71,11.2,1,Brakes
VH-1161,114751,4455,14,93.86,13.66,1,Brakes
VH-1162,188075,843,108,77.65,15.04,1,Fuel
VH-1163,121596,1606,306,93.85,14.98,1,Fuel
VH-1164,118568,684,132,95.72,10.39,1,Brakes
VH-1165,32045,2038,32,93.05,15.0,1,Fuel
VH-1166,14607,3757,264,88.46,12.39,1,Brakes
VH-1167,93696,1377,75,93.95,11.69,1,Brakes
VH-1168,219623,4119,132,91.2,10.73,1,Brakes
VH-1169,202640,3051,6,84.55,11.1,1,Brakes
VH-1170,142085,3163,221,102.95,16.86,1,Engine
VH-1171,142474,4697,165,87.54,13.27,1,Brakes
VH-1172,92215,2187,317,95.43,12.94,1,Brakes
VH-1173,47276,1755,125,73.07,11.84,1,Brakes
VH-1174,11794,4973,78,98.94,18.61,1,Engine
VH-1175,81159,2807,64,100.28,15.76,1,Engine
VH-1176,76458,3092,77,90.21,10.7,1,Brakes
VH-1177,50236,1516,167,93.91,11.82,1,Brakes
VH-1178,64425,1116,36,93.91,11.96,1,Brakes
VH-1179,15212,890,149,85.5,12.86,1,Brakes
VH-1180,137671,1156,312,93.83,10.75,1,Brakes
VH-1181,204766,1016,281,84.34,13.6,1,Brakes
VH-1182,155067,3746,234,85.74,16.13,1,Fuel
VH-1183,104123,336,326,97.89,9.22,1,Brakes
VH-1184,98256,3165,285,96.82,9.68,1,Brakes
VH-1185,74582,4749,239,85.06,11.29,1,Brakes
VH-1186,39905,3839,315,84.86,11.41,1,Brakes
VH-1187,135680,2044,49,85.48,17.5,1,Fuel
VH-1188,128970,344,299,95.13,15.0,1,Fuel
VH-1189,11536,4178,111,83.0,14.86,1,Fuel
VH-1190,97259,65,268,92.5,11.84,1,Brakes
VH-1191,68384,3422,333,95.23,11.78,1,Brakes
VH-1192,45759,3371,183,89.38,8.87,1,Brakes
VH-1193,157637,1000,36,97.07,14.45,1,Fuel
VH-1194,120423,3712,138,87.87,13.73,1,Brakes
VH-1195,143091,918,151,88.5,15.71,1,Fuel
VH-1196,159831,1166,342,83.16,11.97,1,Brakes
VH-1197,216179,4069,344,97.12,12.15,1,Brakes
VH-1198,178580,4896,209,84.63,12.93,1,Brakes
VH-1199,140275,1360,347,92.45,14.73,1,Fuel
VH-1200,194594,4610,162,89.5,8.82,1,Brakes
VH-1201,110276,4570,153,82.63,14.34,1,Fuel
VH-1202,216800,3858,306,85.74,12.45,1,Brakes
VH-1203,169900,743,245,99.68,9.85,1,Engine
VH-1204,146685,1532,193,91.41,7.29,1,Brakes
VH-1205,199698,3404,169,82.94,12.16,1,Brakes
VH-1206,118166,4996,259,92.14,16.12,1,Fuel
VH-1207,161346,4081,276,88.98,16.69,1,Fuel
VH-1208,69793,2130,181,114.18,13.39,1,Engine
VH-1209,212274,1214,16,92.0,17.41,1,Fuel
VH-1210,140907,4803,41,87.34,12.39,1,Brakes
VH-1211,174221,1417,56,99.94,14.88,1,Engine
VH-1212,106754,1743,171,77.11,11.37,1,Brakes
VH-1213,192028,4824,226,90.66,11.21,1,Brakes
VH-1214,25577,2830,294,103.96,10.81,1,Engine
VH-1215,33961,1359,88,89.19,7.35,1,Brakes
VH-1216,116494,76,288,77.87,15.72,1,Fuel
VH-1217,163806,2178,244,87.23,10.9,1,Brakes
VH-1218,179936,4930,23,100.18,10.5,1,Engine
VH-1219,102418,2190,131,92.63,9.55,1,Brakes
VH-1220,146431,3512,113,84.13,11.99,1,Brakes
VH-1221,126151,1302,324,85.2,16.91,1,Fuel
VH-1222,211919,3889,336,86.08,17.73,1,Fuel
VH-1223,147361,3890,299,92.53,8.35,1,Brakes
VH-1224,97537,3061,195,99.37,11.61,1,Engine
VH-1225,213661,3870,182,97.37,9.91,1,Brakes
VH-1226,32523,2915,117,93.19,14.97,1,Fuel
VH-1227,216761,1922,283,80.68,13.22,1,Brakes
VH-1228,42342,3702,36,80.7,10.91,1,Brakes
VH-1229,70527,4183,102,93.73,12.68,1,Brakes
VH-1230,182508,4213,53,80.58,11.31,1,Brakes
VH-1231,164088,1104,182,88.42,16.54,1,Fuel
VH-1232,213774,3399,112,92.13,13.87,1,Brakes
VH-1233,167496,71,76,82.04,14.17,1,Fuel
VH-1234,143771,2881,140,82.83,7.0,1,Brakes
VH-1235,82763,2877,314,89.34,12.33,1,Brakes
VH-1236,10989,1849,205,93.53,17.71,1,Fuel
VH-1237,36012,4970,301,97.43,15.82,1,Fuel
VH-1238,72533,4420,334,94.25,7.88,1,Brakes
VH-1239,18598,241,329,90.52,11.72,1,Brakes
VH-1240,116717,1083,131,84.78,9.5,1,Brakes
VH-1241,173242,1079,320,82.5,16.78,1,Fuel
VH-1242,212283,4492,332,86.42,13.11,1,Brakes
VH-1243,112836,2618,350,92.87,10.58,1,Brakes
VH-1244,193751,3657,131,92.36,12.59,1,Brakes
VH-1245,216963,4059,87,75.3,7.0,1,Brakes
VH-1246,190563,3849,215,84.5,9.79,1,Brakes
VH-1247,107644,490,340,98.43,12.59,1,Engine
VH-1248,78304,744,329,90.55,14.61,1,Fuel
VH-1249,215362,2006,210,80.08,7.65,1,Brakes
VH-1250,60801,1724,58,106.49,11.55,1,Engine
VH-1251,96430,3748,157,89.8,15.02,1,Fuel
VH-1252,25546,823,262,92.69,8.87,1,Brakes
VH-1253,176673,1889,206,92.8,13.07,1,Brakes
VH-1254,146465,1221,129,87.43,12.66,1,Brakes
VH-1255,27812,984,128,84.91,16.79,1,Fuel
VH-1256,56604,905,26,104.85,11.92,1,Engine
VH-1257,126646,1017,108,97.02,12.07,1,Brakes
VH-1258,123486,2843,245,95.75,14.64,1,Fuel
VH-1259,178432,2079,91,94.03,9.18,1,Brakes
VH-1260,65880,2204,362,82.98,11.95,1,Brakes
VH-1261,204187,2423,34,98.94,11.36,1,Engine
VH-1262,103339,3718,216,84.1,12.15,1,Brakes
VH-1263,182742,4315,183,91.98,14.62,1,Fuel
VH-1264,60060,2655,304,78.52,13.89,1,Brakes
VH-1265,17763,3229,324,75.71,10.63,1,Brakes
VH-1266,21561,3705,200,92.23,12.84,1,Brakes
VH-1267,88267,3467,231,84.34,16.23,1,Fuel
VH-1268,210162,714,256,76.08,10.42,1,Brakes
VH-1269,20226,4915,192,93.78,12.86,1,Brakes
VH-1270,87485,865,71,104.84,12.02,1,Engine
VH-1271,32949,2088,159,99.73,12.34,1,Engine
VH-1272,205628,3280,91,88.2,8.42,1,Brakes
VH-1273,151814,2046,172,90.06,16.03,1,Fuel
VH-1274,170165,1253,226,96.21,10.56,1,Brakes
VH-1275,159784,4620,80,97.85,15.07,1,Fuel
VH-1276,147975,404,94,87.6,10.95,1,Brakes
VH-1277,172481,1267,301,90.24,10.94,1,Brakes
VH-1278,11706,4965,140,92.1,15.53,1,Fuel
VH-1279,191745,3662,76,93.88,14.98,1,Fuel
VH-1280,165371,480,261,89.07,13.02,1,Brakes
VH-1281,165280,3785,262,89.16,14.4,1,Fuel
VH-1282,92621,4849,302,99.66,11.78,1,Engine
VH-1283,178183,534,278,98.47,12.48,1,Engine
VH-1284,90181,2099,362,93.34,10.85,1,Brakes
VH-1285,20282,2367,211,102.03,14.76,1,Engine
VH-1286,200641,698,108,87.29,10.77,1,Brakes
VH-1287,59252,1042,315,101.36,16.21,1,Engine
VH-1288,31399,910,100,93.8,11.71,1,Brakes
VH-1289,140598,967,109,112.9,12.55,1,Engine
VH-1290,59067,2047,303,81.65,14.4,1,Fuel
VH-1291,190206,2345,322,85.17,12.56,1,Brakes
VH-1292,103187,1228,127,92.93,11.76,1,Brakes
VH-1293,10945,1482,267,92.78,12.42,1,Brakes
VH-1294,209860,1001,337,103.65,14.73,1,Engine
VH-1295,118072,3990,292,85.32,10.84,1,Brakes
VH-1296,65225,1098,6,96.33,12.18,1,Brakes
VH-1297,152230,4542,244,98.14,12.53,1,Engine
VH-1298,121428,2717,66,94.93,14.66,1,Fuel
VH-1299,16217,4023,309,83.27,12.25,1,Brakes
VH-1300,169525,3200,29,99.85,17.02,1,Engine
VH-1301,94284,1366,362,98.61,12.11,1,Engine
VH-1302,156961,3026,68,94.2,11.91,1,Brakes
VH-1303,198083,1406,156,91.43,12.07,1,Brakes
VH-1304,138228,636,89,91.58,9.21,1,Brakes
VH-1305,151038,1310,298,89.45,9.91,1,Brakes
VH-1306,63476,1414,146,94.49,11.17,1,Brakes
VH-1307,59908,718,273,90.22,15.34,1,Fuel
VH-1308,97150,166,29,84.06,12.42,1,Brakes
VH-1309,189084,4721,168,82.66,11.29,1,Brakes
VH-1310,120080,2591,332,84.74,15.57,1,Fuel
VH-1311,83086,2040,338,91.55,16.38,1,Fuel
VH-1312,173718,4653,80,89.81,15.64,1,Fuel
VH-1313,189202,1162,146,91.51,10.37,1,Brakes
VH-1314,199532,2044,152,93.51,11.26,1,Brakes
VH-1315,72778,4241,208,85.61,17.03,1,Fuel
VH-1316,159024,3178,198,100.26,13.1,1,Engine
VH-1317,133967,2026,43,88.13,11.83,1,Brakes
VH-1318,104284,1316,279,86.97,14.3,1,Fuel
VH-1319,93357,223,86,93.38,15.02,1,Fuel
VH-1320,34056,471,118,77.14,11.07,1,Brakes
VH-1321,67713,851,307,84.47,13.05,1,Brakes
VH-1322,125429,3943,253,96.87,14.82,1,Fuel
VH-1323,196177,3214,147,77.84,9.6,1,Brakes
VH-1324,191931,2195,333,97.82,12.53,1,Brakes
VH-1325,49394,3925,146,100.58,9.71,1,Engine
VH-1326,152657,845,208,87.41,10.04,1,Brakes
VH-1327,27810,1094,93,92.04,11.09,1,Brakes
VH-1328,151752,1994,70,97.83,13.69,1,Brakes
VH-1329,81804,4591,181,86.73,11.69,1,Brakes
VH-1330,104468,3090,207,96.07,10.88,1,Brakes
VH-1331,160704,4262,295,85.3,12.63,1,Brakes
VH-1332,99226,1278,145,86.66,9.63,1,Brakes
VH-1333,179560,4249,327,84.4,13.57,1,Brakes
VH-1334,122051,408,223,92.4,15.33,1,Fuel
VH-1335,219736,1176,30,98.11,12.3,1,Engine
VH-1336,144030,2638,271,88.71,11.99,1,Brakes
VH-1337,72236,300,211,81.1,13.43,1,Brakes
VH-1338,172810,4298,145,82.42,7.43,1,Brakes
VH-1339,95667,4343,173,92.76,13.84,1,Brakes
VH-1340,122175,2730,113,102.91,20.25,1,Engine
VH-1341,38732,1563,226,92.76,12.19,1,Brakes
VH-1342,35062,539,209,87.29,12.2,1,Brakes
VH-1343,130723,3113,166,95.36,14.36,1,Fuel
VH-1344,49205,2711,107,88.32,16.61,1,Fuel
VH-1345,219491,3811,148,87.35,14.94,1,Fuel
VH-1346,189691,3032,184,83.29,7.11,1,Brakes
VH-1347,157185,685,174,99.86,13.91,1,Engine
VH-1348,164286,652,116,72.23,18.93,1,Fuel
VH-1349,134994,3915,214,95.59,14.06,1,Fuel
VH-1350,22660,837,86,86.75,9.61,1,Brakes
VH-1351,92397,4695,185,87.13,13.2,1,Brakes
VH-1352,114118,574,48,101.85,9.3,1,Engine
VH-1353,202212,3655,174,85.0,15.58,1,Fuel
VH-1354,56093,4877,287,85.24,10.11,1,Brakes
VH-1355,114352,2234,299,89.09,12.69,1,Brakes
VH-1356,82253,330,255,92.9,10.36,1,Brakes
VH-1357,38217,4389,273,86.91,11.13,1,Brakes
VH-1358,31633,977,28,78.98,16.22,1,Fuel
VH-1359,86729,2660,127,83.94,12.76,1,Brakes
VH-1360,27308,4923,240,98.97,11.1,1,Engine
VH-1361,24105,3736,293,90.52,9.64,1,Brakes
VH-1362,83682,279,214,93.16,7.82,1,Brakes
VH-1363,52415,4111,312,88.17,9.37,1,Brakes
VH-1364,126509,848,103,85.38,12.78,1,Brakes
VH-1365,13710,3759,60,101.74,14.95,1,Engine
VH-1366,73380,3123,36,88.68,11.1,1,Brakes
VH-1367,105188,1474,214,86.9,16.43,1,Fuel
VH-1368,212260,2146,244,97.67,10.71,1,Brakes
VH-1369,143253,633,107,84.94,11.9,1,Brakes
VH-1370,194951,4934,287,85.84,9.8,1,Brakes
VH-1371,82091,1229,271,90.07,14.98,1,Fuel
VH-1372,104439,1577,134,90.0,17.74,1,Fuel
VH-1373,98280,2539,90,91.82,8.1,1,Brakes
VH-1374,196352,3378,272,104.64,11.63,1,Engine
VH-1375,211433,2551,246,92.35,15.66,1,Fuel
VH-1376,212090,2550,66,73.35,8.88,1,Brakes
VH-1377,167912,2934,96,92.28,13.92,1,Brakes
VH-1378,115653,4295,179,90.27,15.55,1,Fuel
VH-1379,123579,2005,189,90.3,12.7,1,Brakes
VH-1380,215907,4169,64,91.72,13.88,1,Brakes
VH-1381,69753,3945,346,89.8,16.9,1,Fuel
VH-1382,82808,4806,144,89.63,17.37,1,Fuel
VH-1383,198369,4570,142,94.29,12.35,1,Brakes
VH-1384,91127,4000,26,86.21,11.17,1,Brakes
VH-1385,59370,1271,320,83.37,10.2,1,Brakes
VH-1386,127698,3882,89,111.17,14.94,1,Engine
VH-1387,78321,3695,360,84.99,9.07,1,Brakes
VH-1388,197083,1483,183,90.7,11.87,1,Brakes
VH-1389,200903,3405,319,79.53,12.76,1,Brakes
VH-1390,74262,1302,69,90.82,11.24,1,Brakes
VH-1391,121203,2639,64,83.47,13.2,1,Brakes
VH-1392,216638,3993,293,86.9,18.91,1,Fuel
VH-1393,165886,983,300,97.32,12.2,1,Brakes
VH-1394,55281,1717,200,93.3,11.41,1,Brakes
VH-1395,134056,3986,16,93.98,15.04,1,Fuel
VH-1396,140176,2296,344,77.6,13.1,1,Brakes
VH-1397,147222,4805,146,102.86,16.1,1,Engine
VH-1398,15252,89,341,81.66,12.91,1,Brakes
VH-1399,72870,3623,318,100.7,11.88,1,Engine
VH-1400,189468,4080,311,97.15,8.04,1,Brakes
VH-1401,60688,4593,252,94.04,8.45,1,Brakes
VH-1402,72936,825,247,84.02,7.91,1,Brakes
VH-1403,77723,4921,196,91.06,13.45,1,Brakes
VH-1404,47251,1991,13,86.7,9.09,1,Brakes
VH-1405,42642,1792,144,90.2,15.64,1,Fuel
VH-1406,82873,1809,267,88.25,12.58,1,Brakes
VH-1407,193606,3209,297,75.73,11.89,1,Brakes
VH-1408,10322,3313,206,97.85,10.39,1,Brakes
VH-1409,69481,2395,260,89.43,14.06,1,Fuel
VH-1410,22731,401,12,86.61,10.49,0,Healthy
VH-1411,127912,4933,173,86.08,10.04,1,Brakes
VH-1412,62626,1149,187,92.51,15.47,1,Fuel
VH-1413,176314,514,326,83.74,13.39,1,Brakes
VH-1414,132853,3007,116,74.21,11.91,1,Brakes
VH-1415,174603,2091,87,92.85,14.1,1,Fuel
VH-1416,143330,3097,131,93.63,12.52,1,Brakes
VH-1417,102061,4383,66,88.6,13.46,1,Brakes
VH-1418,190803,531,206,81.96,10.46,1,Brakes
VH-1419,110014,1456,236,90.62,17.68,1,Fuel
VH-1420,209486,2607,293,79.75,11.05,1,Brakes
VH-1421,218887,3949,354,82.81,16.39,1,Fuel
VH-1422,133694,3023,31,84.75,12.03,1,Brakes
VH-1423,151665,1944,94,95.91,14.52,1,Fuel
VH-1424,63689,3069,113,87.46,14.34,1,Fuel
VH-1425,181074,4900,94,86.86,15.37,1,Fuel
VH-1426,151034,2426,302,103.68,10.4,1,Engine
VH-1427,199536,4423,55,92.47,15.19,1,Fuel
VH-1428,66071,3910,15,92.37,17.12,1,Fuel
VH-1429,175393,1541,314,87.41,11.85,1,Brakes
VH-1430,108757,1285,351,85.83,12.59,1,Brakes
VH-1431,48887,3862,86,74.7,11.19,1,Brakes
VH-1432,45951,1077,124,96.78,11.63,1,Brakes
VH-1433,128055,1717,186,93.14,16.78,1,Fuel
VH-1434,77084,1215,194,88.75,9.99,1,Brakes
VH-1435,31397,3051,361,89.04,10.14,1,Brakes
VH-1436,99700,1505,150,95.15,16.53,1,Fuel
VH-1437,147113,3309,9,79.12,14.06,1,Fuel
VH-1438,76979,4677,157,85.87,17.8,1,Fuel
VH-1439,210623,4156,205,82.05,11.37,1,Brakes
VH-1440,173704,4742,191,102.4,12.82,1,Engine
VH-1441,117673,171,189,96.13,10.85,1,Brakes
VH-1442,206277,2304,337,74.58,12.86,1,Brakes
VH-1443,100924,1139,295,79.4,8.06,1,Brakes
VH-1444,39330,4593,95,89.07,14.21,1,Fuel
VH-1445,17526,3573,132,86.69,13.31,1,Brakes
VH-1446,206984,1635,245,80.73,12.36,1,Brakes
VH-1447,211552,2839,152,103.61,11.52,1,Engine
VH-1448,165242,3046,159,92.19,10.26,1,Brakes
VH-1449,31630,2503,65,93.32,14.32,1,Fuel
VH-1450,71666,2398,96,85.16,9.57,1,Brakes
VH-1451,18626,323,271,95.06,13.78,1,Brakes
VH-1452,20762,2289,308,87.34,17.69,1,Fuel
VH-1453,61673,1773,287,88.02,16.21,1,Fuel
VH-1454,130149,4100,115,94.28,8.74,1,Brakes
VH-1455,23761,4332,54,78.6,11.16,1,Brakes
VH-1456,216766,3764,62,101.18,13.55,1,Engine
VH-1457,105574,202,146,91.28,12.32,1,Brakes
VH-1458,65407,4214,191,98.97,9.0,1,Engine
VH-1459,118378,2012,326,82.47,13.46,1,Brakes
VH-1460,175932,2111,328,83.54,12.47,1,Brakes
VH-1461,75639,4728,5,81.87,17.29,1,Fuel
VH-1462,19977,4343,259,91.75,11.87,1,Brakes
VH-1463,20701,301,112,90.46,15.42,1,Fuel
VH-1464,188917,1831,76,86.75,9.33,1,Brakes
VH-1465,33436,3761,204,82.9,9.93,1,Brakes
VH-1466,143468,2717,17,81.13,14.3,1,Fuel
VH-1467,90745,1325,125,89.66,15.21,1,Fuel
VH-1468,173278,2647,203,86.74,10.11,1,Brakes
VH-1469,22710,4339,102,85.2,12.56,1,Brakes
VH-1470,198536,1155,218,100.83,9.05,1,Engine
VH-1471,156619,3743,170,89.42,12.05,1,Brakes
VH-1472,104348,3687,292,98.89,14.59,1,Engine
VH-1473,53474,4434,70,86.27,11.41,1,Brakes
VH-1474,215199,1524,25,91.71,11.88,1,Brakes
VH-1475,73435,1118,195,89.61,9.68,1,Brakes
VH-1476,113007,2760,97,78.12,10.88,1,Brakes
VH-1477,92766,2679,259,100.0,16.9,1,Engine
VH-1478,58415,2077,38,89.05,12.68,1,Brakes
VH-1479,97488,3907,212,95.22,9.99,1,Brakes
VH-1480,41811,4005,361,84.74,11.71,1,Brakes
VH-1481,10348,1266,38,88.85,8.51,1,Brakes
VH-1482,70898,3987,113,83.93,9.96,1,Brakes
VH-1483,33534,1192,308,98.65,15.9,1,Engine
VH-1484,97103,2067,197,92.18,12.14,1,Brakes
VH-1485,191180,184,67,92.57,17.23,1,Fuel
VH-1486,44139,1734,81,99.51,12.26,1,Engine
VH-1487,10258,4794,280,98.09,12.41,1,Engine
VH-1488,33329,2240,314,95.36,14.1,1,Fuel
VH-1489,116715,3564,134,80.05,7.0,1,Brakes
VH-1490,67716,584,175,85.13,13.01,1,Brakes
VH-1491,112795,3196,286,82.97,12.38,1,Brakes
VH-1492,16142,1889,68,95.09,16.22,1,Fuel
VH-1493,79949,3732,79,91.19,14.91,1,Fuel
VH-1494,96128,4643,283,80.27,9.67,1,Brakes
VH-1495,100578,2681,72,88.68,15.61,1,Fuel
VH-1496,125743,558,282,79.54,11.84,1,Brakes
VH-1497,173922,2406,183,89.63,10.24,1,Brakes
VH-1498,108118,659,361,78.41,12.99,1,Brakes
VH-1499,186652,2275,16,93.7,11.99,1,Brakes
VH-1500,121244,352,345,92.65,16.35,1,Fuel
VH-1501,64673,3220,86,103.36,13.35,1,Engine
VH-1502,58093,1586,17,95.94,13.01,1,Brakes
VH-1503,77722,1047,265,87.04,14.75,1,Fuel
VH-1504,135467,135,196,95.73,15.23,1,Fuel
VH-1505,60921,4445,306,80.22,14.46,1,Fuel
VH-1506,201976,4194,44,83.26,16.05,1,Fuel
VH-1507,110771,4068,34,92.33,14.02,1,Fuel
VH-1508,191287,337,209,74.89,12.92,1,Brakes
VH-1509,153484,1780,322,89.74,15.6,1,Fuel
VH-1510,80004,4858,151,82.86,12.27,1,Brakes
VH-1511,57933,2914,292,90.71,12.58,1,Brakes
VH-1512,166228,686,331,82.46,16.8,1,Fuel
VH-1513,79454,748,318,92.97,16.55,1,Fuel
VH-1514,61842,1352,188,90.14,12.48,1,Brakes
VH-1515,205380,4863,256,99.8,11.37,1,Engine
VH-1516,111352,889,194,90.05,16.16,1,Fuel
VH-1517,20199,4519,247,84.62,14.5,1,Fuel
VH-1518,113901,3406,209,88.27,13.29,1,Brakes
VH-1519,106761,4613,194,80.59,11.7,1,Brakes
VH-1520,191433,4138,162,92.84,13.33,1,Brakes
VH-1521,159427,1694,240,94.13,12.45,1,Brakes
VH-1522,50185,4148,275,107.28,10.84,1,Engine
VH-1523,41595,887,335,85.65,12.82,1,Brakes
VH-1524,136754,1490,225,88.13,13.16,1,Brakes
VH-1525,19948,1098,41,85.97,11.56,1,Brakes
VH-1526,76993,709,216,91.48,14.76,1,Fuel
VH-1527,39023,495,118,92.67,15.72,1,Fuel
VH-1528,14318,977,14,89.63,14.92,1,Fuel
VH-1529,202952,644,31,97.6,11.81,1,Brakes
VH-1530,28862,1933,217,85.68,14.39,1,Fuel
VH-1531,11944,402,345,96.9,12.69,1,Brakes
VH-1532,205907,353,187,93.77,9.41,1,Brakes
VH-1533,49547,4949,165,89.92,14.18,1,Fuel
VH-1534,181477,484,36,87.8,12.87,1,Brakes
VH-1535,16569,416,248,106.99,18.98,1,Engine
VH-1536,42246,199,24,84.28,16.14,1,Fuel
VH-1537,33232,706,307,92.09,14.28,1,Fuel
VH-1538,158315,2663,298,84.75,13.12,1,Brakes
VH-1539,140231,4144,361,102.5,12.91,1,Engine
VH-1540,109855,3687,107,96.21,9.99,1,Brakes
VH-1541,60744,2922,63,85.25,8.15,1,Brakes
VH-1542,28660,470,112,93.59,10.32,0,Healthy
VH-1543,129534,3883,292,91.8,12.38,1,Brakes
VH-1544,58450,234,83,86.38,7.24,1,Brakes
VH-1545,133941,3173,324,95.31,11.14,1,Brakes
VH-1546,154368,2076,60,92.73,11.88,1,Brakes
VH-1547,188381,4416,22,91.51,11.96,1,Brakes
VH-1548,113736,1572,83,89.71,10.85,1,Brakes
VH-1549,10995,3210,276,93.02,11.65,1,Brakes
VH-1550,68940,2227,221,91.61,16.81,1,Fuel
VH-1551,189207,2634,132,90.41,14.16,1,Fuel
VH-1552,121982,4697,241,85.51,11.1,1,Brakes
VH-1553,140015,3578,238,101.86,12.33,1,Engine
VH-1554,106142,2102,204,82.65,12.43,1,Brakes
VH-1555,44176,2264,190,92.99,10.58,1,Brakes
VH-1556,198307,3537,41,87.76,10.58,1,Brakes
VH-1557,172316,1763,98,102.32,15.03,1,Engine
VH-1558,218988,880,194,83.68,11.45,1,Brakes
VH-1559,189653,2364,53,84.85,9.76,1,Brakes
VH-1560,71137,387,176,83.21,12.39,1,Brakes
VH-1561,63395,890,47,92.26,12.8,1,Brakes
VH-1562,62179,2132,288,80.39,7.57,1,Brakes
VH-1563,202946,3993,42,86.65,12.4,1,Brakes
VH-1564,126956,3918,38,74.93,14.67,1,Fuel
VH-1565,105436,1340,234,91.68,13.63,1,Brakes
VH-1566,213334,2138,84,86.5,18.07,1,Fuel
VH-1567,136719,809,131,79.58,15.63,1,Fuel
VH-1568,200980,3788,118,97.6,16.12,1,Fuel
VH-1569,216776,1269,82,80.85,19.5,1,Fuel
VH-1570,26683,4007,279,95.58,14.4,1,Fuel
VH-1571,85922,4218,254,85.09,12.91,1,Brakes
VH-1572,164169,3460,90,101.21,14.93,1,Engine
VH-1573,180763,1684,252,95.25,11.1,1,Brakes
VH-1574,41181,4766,261,82.94,12.77,1,Brakes
VH-1575,76863,3445,199,83.58,10.88,1,Brakes
VH-1576,125116,3246,213,94.24,13.49,1,Brakes
VH-1577,177834,4289,341,88.16,10.87,1,Brakes
VH-1578,33723,4413,168,88.81,10.78,1,Brakes
VH-1579,136154,434,143,98.91,13.53,1,Engine
VH-1580,72253,4413,199,84.76,12.16,1,Brakes
VH-1581,55434,3836,305,90.64,7.68,1,Brakes
VH-1582,118233,1072,260,96.68,8.86,1,Brakes
VH-1583,96945,1572,32,95.66,9.63,1,Brakes
VH-1584,143499,3775,170,88.88,10.29,1,Brakes
VH-1585,76703,1122,271,87.98,13.54,1,Brakes
VH-1586,182887,2289,85,77.83,13.05,1,Brakes
VH-1587,26402,3460,360,82.61,15.16,1,Fuel
VH-1588,190994,3269,295,92.23,14.38,1,Fuel
VH-1589,16265,4553,309,89.03,15.18,1,Fuel
VH-1590,164538,602,34,90.52,14.02,1,Fuel
VH-1591,82760,1510,213,97.27,13.02,1,Brakes
VH-1592,90500,4925,195,81.69,15.25,1,Fuel
VH-1593,13997,2865,230,88.35,14.8,1,Fuel
VH-1594,157441,1281,311,91.32,13.44,1,Brakes
VH-1595,44752,1484,132,85.07,15.68,1,Fuel
VH-1596,148422,1729,197,100.02,7.0,1,Engine
VH-1597,162288,2793,249,96.36,11.77,1,Brakes
VH-1598,187500,1458,276,92.03,11.74,1,Brakes
VH-1599,158699,3128,282,102.56,15.38,1,Engine
VH-1600,73315,2254,126,79.51,16.43,1,Fuel
VH-1601,165101,3071,364,89.95,8.87,1,Brakes
VH-1602,183449,817,8,92.56,16.03,1,Fuel
VH-1603,76602,3136,182,83.6,9.57,1,Brakes
VH-1604,36077,4627,224,92.11,9.65,1,Brakes
VH-1605,196904,718,27,82.25,11.91,1,Brakes
VH-1606,41067,1670,167,94.83,11.7,1,Brakes
VH-1607,134704,3483,219,97.4,8.6,1,Brakes
VH-1608,59618,3106,223,91.91,14.12,1,Fuel
VH-1609,36465,3390,47,77.03,14.2,1,Fuel
VH-1610,173047,2819,104,83.23,15.14,1,Fuel
VH-1611,40180,3428,93,93.95,11.42,1,Brakes
VH-1612,150747,3066,235,90.15,12.4,1,Brakes
VH-1613,155550,416,123,71.14,12.42,1,Brakes
VH-1614,22647,3768,210,98.7,16.72,1,Engine
VH-1615,46318,2261,268,90.96,7.0,1,Brakes
VH-1616,176816,304,292,84.27,10.11,1,Brakes
VH-1617,116531,2074,71,96.96,12.51,1,Brakes
VH-1618,35483,2204,330,85.26,9.79,1,Brakes
VH-1619,218272,479,64,85.18,11.85,1,Brakes
VH-1620,65647,4980,12,92.51,12.18,1,Brakes
VH-1621,10841,1150,21,102.47,10.86,1,Engine
VH-1622,204074,1686,77,101.37,12.66,1,Engine
VH-1623,13481,2232,319,92.52,14.07,1,Fuel
VH-1624,126205,4170,79,93.24,11.91,1,Brakes
VH-1625,218547,3727,254,95.54,11.37,1,Brakes
VH-1626,131339,3866,155,81.2,12.09,1,Brakes
VH-1627,132774,1223,19,94.51,12.48,1,Brakes
VH-1628,91516,4234,164,84.86,8.15,1,Brakes
VH-1629,36651,4157,15,92.23,13.65,1,Brakes
VH-1630,130265,2346,176,88.41,11.37,1,Brakes
VH-1631,198433,2751,206,93.51,15.65,1,Fuel
VH-1632,29131,233,192,90.83,13.98,1,Brakes
VH-1633,194879,3814,106,70.0,15.43,1,Fuel
VH-1634,97159,4806,280,91.25,9.97,1,Brakes
VH-1635,122602,2389,219,94.5,11.57,1,Brakes
VH-1636,44735,2725,96,93.12,9.39,1,Brakes
VH-1637,140576,2521,161,89.28,10.74,1,Brakes
VH-1638,48294,459,44,101.5,15.63,1,Engine
VH-1639,67369,3117,337,92.18,16.22,1,Fuel
VH-1640,161538,3621,276,93.06,9.63,1,Brakes
VH-1641,20609,4643,108,97.31,11.35,1,Brakes
VH-1642,103908,4652,247,92.54,12.31,1,Brakes
VH-1643,134859,2484,249,83.71,13.96,1,Brakes
VH-1644,37726,4796,224,72.93,8.1,1,Brakes
VH-1645,71898,2666,24,86.66,8.49,1,Brakes
VH-1646,82135,3228,321,95.33,13.72,1,Brakes
VH-1647,149360,3029,349,87.53,7.63,1,Brakes
VH-1648,215108,4993,355,95.61,11.38,1,Brakes
VH-1649,185611,3700,358,91.04,12.91,1,Brakes
VH-1650,49850,644,339,99.02,13.54,1,Engine
VH-1651,13813,405,271,87.93,12.15,1,Brakes
VH-1652,20901,2078,25,93.27,11.59,1,Brakes
VH-1653,135099,2602,172,93.54,14.61,1,Fuel
VH-1654,42814,3359,93,100.51,13.21,1,Engine
VH-1655,58568,2433,84,78.05,10.88,1,Brakes
VH-1656,187952,2597,304,86.79,12.59,1,Brakes
VH-1657,193516,4612,297,95.94,13.46,1,Brakes
VH-1658,186196,1707,192,100.82,16.8,1,Engine
VH-1659,63269,2492,270,91.68,14.47,1,Fuel
VH-1660,140133,2809,51,87.95,15.54,1,Fuel
VH-1661,138261,2368,84,95.3,10.97,1,Brakes
VH-1662,48901,4842,314,96.08,11.19,1,Brakes
VH-1663,126243,4812,167,87.48,11.91,1,Brakes
VH-1664,120303,2589,201,92.31,12.14,1,Brakes
VH-1665,93194,2280,171,98.26,9.98,1,Engine
VH-1666,167849,2965,77,103.23,15.66,1,Engine
VH-1667,152300,945,302,95.2,14.71,1,Fuel
VH-1668,121857,2158,277,90.31,11.74,1,Brakes
VH-1669,162411,1123,251,89.62,14.1,1,Fuel
VH-1670,170252,763,132,93.9,13.06,1,Brakes
VH-1671,129056,521,236,89.19,14.3,1,Fuel
VH-1672,66211,2955,348,91.33,9.14,1,Brakes
VH-1673,169268,52,238,82.59,12.14,1,Brakes
VH-1674,160698,3248,182,99.08,12.35,1,Engine
VH-1675,216517,2188,102,82.02,14.06,1,Fuel
VH-1676,41454,1864,193,86.98,10.93,1,Brakes
VH-1677,98047,3857,138,90.68,7.0,1,Brakes
VH-1678,204087,2716,225,103.94,9.8,1,Engine
VH-1679,118062,3680,21,87.04,12.35,1,Brakes
VH-1680,207950,3561,73,85.34,12.66,1,Brakes
VH-1681,12618,209,288,86.14,16.71,1,Fuel
VH-1682,17385,1116,142,101.61,13.96,1,Engine
VH-1683,177165,2871,160,70.31,12.7,1,Brakes
VH-1684,85270,4878,200,82.98,12.42,1,Brakes
VH-1685,119248,813,162,109.12,15.26,1,Engine
VH-1686,99881,572,278,94.14,11.02,1,Brakes
VH-1687,95671,4708,93,82.26,12.15,1,Brakes
VH-1688,207289,4835,278,89.71,9.78,1,Brakes
VH-1689,29755,878,80,90.47,16.05,1,Fuel
VH-1690,172165,2038,138,95.92,13.48,1,Brakes
VH-1691,196827,3151,216,102.88,10.73,1,Engine
VH-1692,148056,1016,323,92.72,12.21,1,Brakes
VH-1693,92951,1664,88,86.22,13.77,1,Brakes
VH-1694,43602,2006,216,95.51,11.87,1,Brakes
VH-1695,153342,3225,28,85.11,11.16,1,Brakes
VH-1696,108447,1574,32,82.77,10.86,1,Brakes
VH-1697,41368,2090,281,77.68,13.35,1,Brakes
VH-1698,85526,1483,263,79.04,11.6,1,Brakes
VH-1699,211925,3810,140,83.72,11.37,1,Brakes
VH-1700,65730,807,229,81.76,9.16,1,Brakes
VH-1701,47472,1191,141,92.19,12.69,1,Brakes
VH-1702,153214,1287,104,81.6,12.05,1,Brakes
VH-1703,51903,4533,160,70.0,11.7,1,Brakes
VH-1704,203180,4725,117,82.69,13.0,1,Brakes
VH-1705,190386,2526,298,86.7,14.37,1,Fuel
VH-1706,216541,824,153,85.76,14.25,1,Fuel
VH-1707,201642,3792,120,100.64,13.88,1,Engine
VH-1708,61190,2485,198,85.71,11.9,1,Brakes
VH-1709,54550,4256,277,96.17,11.08,1,Brakes
VH-1710,81954,1831,103,89.87,9.89,1,Brakes
VH-1711,108658,4994,343,89.7,11.02,1,Brakes
VH-1712,194799,4044,171,84.15,12.55,1,Brakes
VH-1713,164033,1158,242,89.59,10.53,1,Brakes
VH-1714,145331,3641,349,84.64,12.74,1,Brakes
VH-1715,194456,1470,160,91.19,10.09,1,Brakes
VH-1716,145636,1781,76,88.35,8.35,1,Brakes
VH-1717,89601,1289,274,83.39,14.55,1,Fuel
VH-1718,96730,3426,7,96.94,11.31,1,Brakes
VH-1719,118574,1351,169,92.99,10.41,1,Brakes
VH-1720,28642,3212,357,86.86,9.77,1,Brakes
VH-1721,165760,2933,154,91.02,13.56,1,Brakes
VH-1722,147082,3766,251,89.41,15.94,1,Fuel
VH-1723,163538,4967,194,83.93,11.49,1,Brakes
VH-1724,122127,93,82,90.49,11.96,1,Brakes
VH-1725,174421,4951,119,85.65,15.18,1,Fuel
VH-1726,209447,591,193,83.39,7.97,1,Brakes
VH-1727,129686,2657,42,78.64,17.42,1,Fuel
VH-1728,103320,1737,154,87.49,18.61,1,Fuel
VH-1729,31969,3213,154,93.97,7.0,1,Brakes
VH-1730,173522,3622,305,85.14,12.26,1,Brakes
VH-1731,199834,4306,49,107.64,10.7,1,Engine
VH-1732,156892,2039,308,96.2,11.84,1,Brakes
VH-1733,191770,4668,152,99.13,11.45,1,Engine
VH-1734,190851,1646,239,95.57,14.53,1,Fuel
VH-1735,177600,1059,205,102.97,12.22,1,Engine
VH-1736,115604,1926,112,84.49,10.22,1,Brakes
VH-1737,30971,2666,340,72.07,12.07,1,Brakes
VH-1738,10681,3357,85,86.88,13.79,1,Brakes
VH-1739,52923,4172,18,93.91,9.54,1,Brakes
VH-1740,100515,1163,275,91.06,8.38,1,Brakes
VH-1741,166156,1550,228,91.93,17.48,1,Fuel
VH-1742,105719,4696,325,99.25,10.89,1,Engine
VH-1743,14859,2227,169,92.67,12.16,0,Healthy
VH-1744,54172,1245,11,95.59,11.51,1,Brakes
VH-1745,215637,4928,12,83.42,13.87,1,Brakes
VH-1746,217484,2272,160,82.33,16.93,1,Fuel
VH-1747,89200,4925,94,101.3,13.95,1,Engine
VH-1748,179046,4600,336,90.71,8.7,1,Brakes
VH-1749,161055,4535,47,85.64,9.04,1,Brakes
VH-1750,205566,2930,322,85.65,11.5,1,Brakes
VH-1751,196389,4002,83,85.46,11.83,1,Brakes
VH-1752,142035,4804,47,85.04,8.2,1,Brakes
VH-1753,92872,1382,103,81.02,14.55,1,Fuel
VH-1754,141598,236,56,79.5,9.78,1,Brakes
VH-1755,77017,1638,149,88.63,16.23,1,Fuel
VH-1756,83099,3202,123,85.85,17.05,1,Fuel
VH-1757,137835,2759,195,97.75,11.88,1,Brakes
VH-1758,129993,448,198,92.05,13.6,1,Brakes
VH-1759,132007,2825,5,91.86,9.42,1,Brakes
VH-1760,90781,913,49,84.8,14.06,1,Fuel
VH-1761,95919,2552,63,89.15,11.25,1,Brakes
VH-1762,12140,2899,75,92.53,9.78,1,Brakes
VH-1763,136372,3201,38,95.01,11.78,1,Brakes
VH-1764,130914,2092,118,89.34,11.34,1,Brakes
VH-1765,206430,2071,202,97.55,11.69,1,Brakes
VH-1766,115898,3408,116,90.06,14.87,1,Fuel
VH-1767,108204,3758,123,95.55,10.54,1,Brakes
VH-1768,24213,4048,174,86.57,16.84,1,Fuel
VH-1769,51315,1701,202,77.31,9.19,1,Brakes
VH-1770,80987,2149,124,91.88,16.54,1,Fuel
VH-1771,89213,1686,84,95.08,9.96,1,Brakes
VH-1772,86164,2661,152,94.03,12.5,1,Brakes
VH-1773,92762,679,13,92.96,11.27,1,Brakes
VH-1774,171472,2178,182,87.56,11.64,1,Brakes
VH-1775,37532,984,343,84.35,14.5,1,Fuel
VH-1776,79774,2685,148,93.86,16.25,1,Fuel
VH-1777,44203,4260,43,92.99,15.48,1,Fuel
VH-1778,74637,4927,259,86.07,11.49,1,Brakes
VH-1779,153758,2259,50,97.77,12.96,1,Brakes
VH-1780,19820,328,74,83.82,10.54,1,Brakes
VH-1781,81290,1177,57,85.92,10.02,1,Brakes
VH-1782,14974,568,323,101.45,9.63,1,Engine
VH-1783,210528,3808,358,96.08,11.41,1,Brakes
VH-1784,162724,4924,210,87.49,13.12,1,Brakes
VH-1785,61155,2792,227,92.01,7.72,1,Brakes
VH-1786,51621,925,237,91.08,12.38,1,Brakes
VH-1787,30774,154,224,70.78,16.29,0,Healthy
VH-1788,109304,4881,200,83.65,15.3,1,Fuel
VH-1789,168235,1615,360,89.64,11.04,1,Brakes
VH-1790,132684,604,268,87.5,9.01,1,Brakes
VH-1791,195017,926,36,91.73,13.65,1,Brakes
VH-1792,82201,1313,146,97.91,7.0,1,Brakes
VH-1793,68403,3296,355,87.75,15.28,1,Fuel
VH-1794,110390,4464,150,82.6,11.97,1,Brakes
VH-1795,52438,1411,78,92.27,17.08,1,Fuel
VH-1796,214885,3451,317,87.71,8.18,1,Brakes
VH-1797,49010,371,229,88.91,14.8,1,Fuel
VH-1798,110562,100,207,87.96,12.25,1,Brakes
VH-1799,119622,321,156,105.69,11.67,1,Engine
VH-1800,21979,4619,49,74.32,9.08,1,Brakes
VH-1801,108367,2929,143,87.28,13.99,1,Brakes
VH-1802,105487,4035,162,89.97,14.19,1,Fuel
VH-1803,64482,157,340,84.53,16.96,1,Fuel
VH-1804,36873,160,115,96.3,15.02,1,Fuel
VH-1805,19486,4251,58,95.69,11.02,1,Brakes
VH-1806,11802,557,158,89.67,9.99,1,Brakes
VH-1807,111113,819,363,88.11,9.08,1,Brakes
VH-1808,28866,2618,178,89.22,16.18,1,Fuel
VH-1809,211459,3052,141,89.27,10.55,1,Brakes
VH-1810,61396,1182,245,89.45,16.2,1,Fuel
VH-1811,147029,2251,238,88.68,13.81,1,Brakes
VH-1812,151432,3390,112,91.77,13.32,1,Brakes
VH-1813,114056,2242,353,95.27,11.73,1,Brakes
VH-1814,195558,1944,218,81.39,14.15,1,Fuel
VH-1815,33245,405,25,82.65,12.46,1,Brakes
VH-1816,59146,2286,151,77.76,11.58,1,Brakes
VH-1817,63011,4023,337,96.06,14.24,1,Fuel
VH-1818,38437,3152,146,91.75,12.14,1,Brakes
VH-1819,71902,4470,209,93.54,10.5,1,Brakes
VH-1820,75664,674,225,79.99,14.0,1,Brakes
VH-1821,170608,104,258,102.49,12.34,1,Engine
VH-1822,73341,2763,319,85.74,13.72,1,Brakes
VH-1823,194109,934,58,91.18,11.37,1,Brakes
VH-1824,172261,2990,191,95.98,9.48,1,Brakes
VH-1825,199344,4524,197,83.09,16.84,1,Fuel
VH-1826,32097,1718,59,86.18,16.37,1,Fuel
VH-1827,216759,2769,247,91.25,14.71,1,Fuel
VH-1828,138932,3424,47,110.0,11.53,1,Engine
VH-1829,216297,792,169,92.11,11.75,1,Brakes
VH-1830,84516,4492,123,101.24,15.96,1,Engine
VH-1831,210129,1053,60,98.44,11.62,1,Engine
VH-1832,133607,4050,301,92.58,10.92,1,Brakes
VH-1833,25082,3316,92,83.08,17.18,1,Fuel
VH-1834,96126,747,96,97.42,12.38,1,Brakes
VH-1835,38936,3637,312,79.51,16.92,1,Fuel
VH-1836,207668,1022,320,101.21,9.0,1,Engine
VH-1837,73937,3017,17,91.4,13.8,1,Brakes
VH-1838,56695,4800,105,71.45,17.68,1,Fuel
VH-1839,126108,4768,260,87.62,12.57,1,Brakes
VH-1840,99283,4362,285,94.58,11.84,1,Brakes
VH-1841,30365,2495,364,88.34,9.58,1,Brakes
VH-1842,181463,2819,204,95.01,15.21,1,Fuel
VH-1843,187617,1536,7,84.05,10.57,1,Brakes
VH-1844,166022,4608,319,80.86,12.26,1,Brakes
VH-1845,139518,2412,62,89.5,9.41,1,Brakes
VH-1846,94537,3869,48,90.22,16.39,1,Fuel
VH-1847,123896,1830,247,87.56,15.39,1,Fuel
VH-1848,119409,3715,222,98.59,12.42,1,Engine
VH-1849,44715,1160,26,84.05,9.61,1,Brakes
VH-1850,27180,3682,65,92.19,16.34,1,Fuel
VH-1851,63183,277,217,90.48,11.59,1,Brakes
VH-1852,105410,568,96,79.1,9.74,1,Brakes
VH-1853,43665,1793,251,80.77,8.09,1,Brakes
VH-1854,32400,2436,153,90.08,10.89,1,Brakes
VH-1855,188905,3571,216,103.87,8.86,1,Engine
VH-1856,88749,1827,175,94.05,10.94,1,Brakes
VH-1857,132687,141,136,77.92,14.36,1,Fuel
VH-1858,120045,1660,128,70.0,11.56,1,Brakes
VH-1859,164377,2223,256,95.13,13.39,1,Brakes
VH-1860,165360,2741,190,89.33,10.69,1,Brakes
VH-1861,72166,3237,218,97.99,12.66,1,Brakes
VH-1862,188060,1275,212,83.83,17.3,1,Fuel
VH-1863,87963,3071,79,92.45,11.63,1,Brakes
VH-1864,185393,3176,333,95.92,13.46,1,Brakes
VH-1865,95019,3894,207,86.87,8.59,1,Brakes
VH-1866,33308,2634,263,87.02,16.3,1,Fuel
VH-1867,169603,4062,322,90.18,11.31,1,Brakes
VH-1868,16333,1146,337,93.8,15.13,1,Fuel
VH-1869,172194,3572,245,89.9,12.19,1,Brakes
VH-1870,19064,276,288,96.82,14.03,1,Fuel
VH-1871,53430,558,174,86.77,14.18,1,Fuel
VH-1872,136706,4330,270,80.7,11.37,1,Brakes
VH-1873,207723,2401,120,103.84,15.23,1,Engine
VH-1874,95780,3123,261,85.77,10.6,1,Brakes
VH-1875,35337,3036,35,86.02,14.44,1,Fuel
VH-1876,58910,3489,334,89.54,11.52,1,Brakes
VH-1877,198185,1265,93,90.47,13.37,1,Brakes
VH-1878,162614,932,241,87.29,11.35,1,Brakes
VH-1879,31083,260,9,89.88,12.62,1,Brakes
VH-1880,90828,4330,61,89.72,9.81,1,Brakes
VH-1881,65553,1156,360,91.22,13.12,1,Brakes
VH-1882,47344,2897,305,73.5,12.61,1,Brakes
VH-1883,187760,2301,85,103.17,11.15,1,Engine
VH-1884,139719,853,52,88.97,12.36,1,Brakes
VH-1885,47693,2098,298,94.06,12.84,1,Brakes
VH-1886,146645,461,361,80.35,10.96,1,Brakes
VH-1887,96849,924,65,86.7,12.18,1,Brakes
VH-1888,22910,741,244,85.29,9.99,1,Brakes
VH-1889,104470,4130,107,100.29,18.36,1,Engine
VH-1890,48898,2858,272,85.9,15.15,1,Fuel
VH-1891,61504,4632,155,95.31,13.18,1,Brakes
VH-1892,194589,2208,50,85.45,15.43,1,Fuel
VH-1893,159151,1046,121,86.83,7.55,1,Brakes
VH-1894,38159,3062,198,88.28,7.0,1,Brakes
VH-1895,188780,4651,292,98.99,11.5,1,Engine
VH-1896,130604,2686,12,76.77,9.05,1,Brakes
VH-1897,193660,138,349,80.79,11.91,1,Brakes
VH-1898,166885,1552,238,76.37,13.01,1,Brakes
VH-1899,81257,4628,320,82.39,14.8,1,Fuel
VH-1900,122322,2615,339,84.32,9.65,1,Brakes
VH-1901,121478,4762,60,78.7,13.5,1,Brakes
VH-1902,161187,2570,38,84.86,12.54,1,Brakes
VH-1903,62165,109,284,75.9,13.37,1,Brakes
VH-1904,79948,4371,72,82.87,11.2,1,Brakes
VH-1905,61407,3826,58,98.4,15.96,1,Engine
VH-1906,72190,3590,173,92.83,12.24,1,Brakes
VH-1907,43863,4852,333,91.31,16.94,1,Fuel
VH-1908,17674,1021,291,82.98,10.52,1,Brakes
VH-1909,207403,4534,191,79.25,14.36,1,Fuel
VH-1910,25606,1201,75,82.03,12.35,1,Brakes
VH-1911,196477,4855,126,89.7,11.68,1,Brakes
VH-1912,10646,997,252,96.08,14.08,1,Fuel
VH-1913,173245,2774,61,96.32,11.75,1,Brakes
VH-1914,78964,3957,193,94.41,7.0,1,Brakes
VH-1915,118708,436,9,84.84,7.0,1,Brakes
VH-1916,69266,380,122,90.17,15.68,1,Fuel
VH-1917,113027,4256,94,87.75,15.58,1,Fuel
VH-1918,104828,349,250,88.59,17.22,1,Fuel
VH-1919,121246,3088,334,104.26,12.46,1,Engine
VH-1920,92589,4694,57,77.67,9.27,1,Brakes
VH-1921,122679,3092,292,88.36,11.45,1,Brakes
VH-1922,183346,2430,241,98.48,12.53,1,Engine
VH-1923,101258,2115,354,79.74,9.98,1,Brakes
VH-1924,85888,3208,333,85.49,16.62,1,Fuel
VH-1925,37668,2880,41,86.3,18.1,1,Fuel
VH-1926,85540,2533,272,88.44,13.7,1,Brakes
VH-1927,36389,810,218,78.83,12.47,1,Brakes
VH-1928,48325,3330,45,94.17,9.26,1,Brakes
VH-1929,209972,3711,97,94.66,16.37,1,Fuel
VH-1930,28777,3558,338,93.56,12.69,1,Brakes
VH-1931,111226,421,200,83.91,11.78,1,Brakes
VH-1932,185203,3529,126,90.61,13.7,1,Brakes
VH-1933,210173,3662,120,83.7,11.04,1,Brakes
VH-1934,40809,957,306,87.67,12.87,1,Brakes
VH-1935,44351,4252,107,105.07,8.89,1,Engine
VH-1936,88245,2643,62,90.67,15.22,1,Fuel
VH-1937,126427,2388,211,81.69,12.24,1,Brakes
VH-1938,211559,3627,362,91.26,15.4,1,Fuel
VH-1939,53620,2573,70,80.54,12.0,1,Brakes
VH-1940,44522,2746,96,81.61,12.16,1,Brakes
VH-1941,63168,1595,173,82.71,9.47,1,Brakes
VH-1942,193607,4642,76,86.89,14.4,1,Fuel
VH-1943,16311,4848,239,96.56,10.31,1,Brakes
VH-1944,89828,695,96,94.05,11.28,1,Brakes
VH-1945,34980,3678,51,93.66,12.5,1,Brakes
VH-1946,42985,165,99,82.31,12.8,1,Brakes
VH-1947,202538,1876,340,86.21,8.23,1,Brakes
VH-1948,10348,4851,341,91.9,11.92,1,Brakes
VH-1949,77521,915,187,85.6,14.49,1,Fuel
VH-1950,202239,1916,149,88.05,11.55,1,Brakes
VH-1951,137707,1136,300,93.09,11.94,1,Brakes
VH-1952,25068,3654,74,87.56,12.91,1,Brakes
VH-1953,107652,2346,240,91.58,12.19,1,Brakes
VH-1954,213898,2985,249,101.15,9.92,1,Engine
VH-1955,94094,4715,260,88.8,12.41,1,Brakes
VH-1956,121012,2629,83,98.26,14.99,1,Engine
VH-1957,121696,3684,262,93.92,9.87,1,Brakes
VH-1958,148693,534,225,79.73,11.56,1,Brakes
VH-1959,49320,1115,320,82.29,9.05,1,Brakes
VH-1960,186333,4736,67,84.16,14.85,1,Fuel
VH-1961,217606,4304,225,84.02,12.27,1,Brakes
VH-1962,39936,3300,303,89.37,10.37,1,Brakes
VH-1963,181844,1922,105,94.3,12.73,1,Brakes
VH-1964,181551,1039,272,98.79,9.49,1,Engine
VH-1965,165739,4266,40,92.16,9.92,1,Brakes
VH-1966,87884,3937,263,86.88,8.85,1,Brakes
VH-1967,108439,1246,223,75.42,9.83,1,Brakes
VH-1968,186234,2969,74,90.49,15.89,1,Fuel
VH-1969,42104,3112,28,90.18,10.67,1,Brakes
VH-1970,184036,2413,273,91.28,13.67,1,Brakes
VH-1971,203339,4637,91,104.74,10.41,1,Engine
VH-1972,153192,664,184,98.68,14.4,1,Engine
VH-1973,81691,1326,26,95.5,9.93,1,Brakes
VH-1974,127421,520,351,83.27,12.6,1,Brakes
VH-1975,20522,3479,202,86.41,12.63,1,Brakes
VH-1976,205678,3237,340,89.34,18.32,1,Fuel
VH-1977,81904,4937,62,84.57,14.08,1,Fuel
VH-1978,21990,2734,79,93.5,11.02,1,Brakes
VH-1979,176835,795,224,92.5,14.21,1,Fuel
VH-1980,148087,2281,222,82.38,17.85,1,Fuel
VH-1981,140768,487,289,98.38,8.43,1,Engine
VH-1982,21360,3371,339,90.72,10.39,1,Brakes
VH-1983,167676,3387,300,77.9,11.91,1,Brakes
VH-1984,143836,4295,55,89.64,11.46,1,Brakes
VH-1985,176663,1731,116,91.97,11.67,1,Brakes
VH-1986,183739,1585,333,96.81,9.24,1,Brakes
VH-1987,54510,402,202,87.64,16.01,1,Fuel
VH-1988,54234,2105,317,95.8,8.94,1,Brakes
VH-1989,203994,2402,207,91.31,12.0,1,Brakes
VH-1990,121515,3784,22,80.79,15.11,1,Fuel
VH-1991,101977,3781,175,80.09,12.42,1,Brakes
VH-1992,70312,744,301,97.86,10.05,1,Brakes
VH-1993,144192,1461,240,98.37,9.13,1,Engine
VH-1994,168331,2581,52,92.26,11.93,1,Brakes
VH-1995,10484,1708,80,100.47,10.61,1,Engine
VH-1996,126053,176,312,97.4,13.01,1,Brakes
VH-1997,218607,4236,357,94.79,9.0,1,Brakes
VH-1998,68934,3669,276,83.62,14.53,1,Fuel
VH-1999,68988,2624,40,102.12,12.79,1,Engine
