date,vehicle_id,mileage,avg_engine_temp_c,avg_fuel_consumption_l_100km,predicted_risk_score,predicted_failure_type
2024-09-01,KDC 456Y,123,86.78,12.11,0.194,Healthy
2024-09-01,KDA 123X,150,86.79,12.64,0.13,Healthy
2024-09-01,KDB 789Z,216,86.76,14.44,0.129,Healthy
2024-09-01,KDE 555A,93,87.87,12.49,0.081,Healthy
2024-09-02,KDC 456Y,246,92.24,14.67,0.098,Healthy
2024-09-02,KDA 123X,85,86.68,13.0,0.082,Healthy
2024-09-02,KDB 789Z,227,87.12,12.91,0.183,Healthy
2024-09-02,KDE 555A,178,90.45,14.17,0.086,Healthy
2024-09-03,KDC 456Y,218,88.02,13.39,0.189,Healthy
2024-09-03,KDA 123X,125,85.42,14.36,0.165,Healthy
2024-09-03,KDB 789Z,109,90.09,14.2,0.131,Healthy
2024-09-03,KDE 555A,152,92.71,14.11,0.118,Healthy
2024-09-04,KDC 456Y,174,93.14,14.61,0.101,Healthy
2024-09-04,KDA 123X,210,87.42,12.9,0.105,Healthy
2024-09-04,KDB 789Z,81,85.71,12.49,0.197,Healthy
2024-09-04,KDE 555A,237,86.89,14.49,0.084,Healthy
2024-09-05,KDC 456Y,189,90.45,13.18,0.197,Healthy
2024-09-05,KDA 123X,96,87.41,14.6,0.088,Healthy
2024-09-05,KDB 789Z,80,85.31,13.44,0.057,Healthy
2024-09-05,KDE 555A,166,90.36,12.66,0.147,Healthy
2024-09-06,KDC 456Y,223,90.8,12.75,0.187,Healthy
2024-09-06,KDA 123X,139,90.95,14.07,0.148,Healthy
2024-09-06,KDB 789Z,134,94.52,14.52,0.091,Healthy
2024-09-06,KDE 555A,177,93.76,12.49,0.11,Healthy
2024-09-07,KDC 456Y,203,87.09,13.35,0.137,Healthy
2024-09-07,KDA 123X,150,94.83,12.65,0.189,Healthy
2024-09-07,KDB 789Z,194,90.59,12.86,0.194,Healthy
2024-09-07,KDE 555A,137,90.07,12.02,0.051,Healthy
2024-09-08,KDC 456Y,122,92.27,14.16,0.116,Healthy
2024-09-08,KDA 123X,92,94.97,13.77,0.068,Healthy
2024-09-08,KDB 789Z,145,86.62,12.84,0.087,Healthy
2024-09-08,KDE 555A,96,89.68,13.55,0.064,Healthy
2024-09-09,KDC 456Y,139,87.92,14.13,0.07,Healthy
2024-09-09,KDA 123X,150,92.71,14.18,0.1,Healthy
2024-09-09,KDB 789Z,135,87.83,13.75,0.183,Healthy
2024-09-09,KDE 555A,248,92.98,12.13,0.064,Healthy
2024-09-10,KDC 456Y,241,90.38,14.45,0.144,Healthy
2024-09-10,KDA 123X,80,90.22,14.18,0.076,Healthy
2024-09-10,KDB 789Z,173,89.54,13.41,0.193,Healthy
2024-09-10,KDE 555A,174,91.94,13.96,0.084,Healthy
2024-09-11,KDC 456Y,246,86.54,13.66,0.079,Healthy
2024-09-11,KDA 123X,127,93.95,14.17,0.19,Healthy
2024-09-11,KDB 789Z,231,86.4,14.91,0.095,Healthy
2024-09-11,KDE 555A,167,87.11,12.77,0.072,Healthy
2024-09-12,KDC 456Y,123,89.38,12.62,0.122,Healthy
2024-09-12,KDA 123X,206,87.6,12.51,0.059,Healthy
2024-09-12,KDB 789Z,96,94.57,13.12,0.063,Healthy
2024-09-12,KDE 555A,216,94.35,14.25,0.142,Healthy
2024-09-13,KDC 456Y,183,91.65,13.04,0.079,Healthy
2024-09-13,KDA 123X,222,90.28,13.13,0.113,Healthy
2024-09-13,KDB 789Z,228,89.28,12.42,0.138,Healthy
2024-09-13,KDE 555A,143,92.92,13.97,0.134,Healthy
2024-09-14,KDC 456Y,115,93.88,12.56,0.062,Healthy
2024-09-14,KDA 123X,118,92.61,12.86,0.154,Healthy
2024-09-14,KDB 789Z,235,91.74,12.4,0.179,Healthy
2024-09-14,KDE 555A,236,87.63,12.13,0.198,Healthy
2024-09-15,KDC 456Y,86,88.75,12.36,0.148,Healthy
2024-09-15,KDA 123X,186,85.05,13.42,0.071,Healthy
2024-09-15,KDB 789Z,248,94.51,14.81,0.169,Healthy
2024-09-15,KDE 555A,247,90.27,13.83,0.108,Healthy
2024-09-16,KDC 456Y,158,89.65,13.12,0.152,Healthy
2024-09-16,KDA 123X,126,91.47,12.02,0.075,Healthy
2024-09-16,KDB 789Z,188,89.98,14.97,0.105,Healthy
2024-09-16,KDE 555A,96,91.12,12.14,0.181,Healthy
2024-09-17,KDC 456Y,245,91.04,12.15,0.11,Healthy
2024-09-17,KDA 123X,125,93.73,14.38,0.128,Healthy
2024-09-17,KDB 789Z,208,94.12,14.89,0.127,Healthy
2024-09-17,KDE 555A,188,91.25,14.68,0.175,Healthy
2024-09-18,KDC 456Y,175,85.86,13.86,0.177,Healthy
2024-09-18,KDA 123X,134,94.73,12.77,0.084,Healthy
2024-09-18,KDB 789Z,215,94.62,13.26,0.085,Healthy
2024-09-18,KDE 555A,212,91.46,13.53,0.074,Healthy
2024-09-19,KDC 456Y,166,87.49,13.69,0.13,Healthy
2024-09-19,KDA 123X,143,94.4,12.38,0.159,Healthy
2024-09-19,KDB 789Z,101,88.0,14.75,0.164,Healthy
2024-09-19,KDE 555A,178,92.13,12.76,0.104,Healthy
2024-09-20,KDC 456Y,93,92.1,13.99,0.06,Healthy
2024-09-20,KDA 123X,151,85.87,13.86,0.183,Healthy
2024-09-20,KDB 789Z,164,85.86,13.2,0.16,Healthy
2024-09-20,KDE 555A,190,89.48,13.21,0.135,Healthy
2024-09-21,KDC 456Y,86,86.5,14.89,0.195,Healthy
2024-09-21,KDA 123X,216,86.01,14.4,0.188,Healthy
2024-09-21,KDB 789Z,100,87.14,14.71,0.171,Healthy
2024-09-21,KDE 555A,160,94.67,14.27,0.15,Healthy
2024-09-22,KDC 456Y,217,94.77,12.01,0.177,Healthy
2024-09-22,KDA 123X,146,85.67,12.85,0.142,Healthy
2024-09-22,KDB 789Z,235,88.98,13.95,0.117,Healthy
2024-09-22,KDE 555A,180,92.89,12.48,0.154,Healthy
2024-09-23,KDC 456Y,191,91.05,14.55,0.081,Healthy
2024-09-23,KDA 123X,103,89.04,12.29,0.156,Healthy
2024-09-23,KDB 789Z,183,92.3,12.14,0.171,Healthy
2024-09-23,KDE 555A,201,85.06,12.28,0.129,Healthy
2024-09-24,KDC 456Y,98,85.22,13.06,0.059,Healthy
2024-09-24,KDA 123X,135,86.88,12.83,0.152,Healthy
2024-09-24,KDB 789Z,119,93.23,14.68,0.153,Healthy
2024-09-24,KDE 555A,95,93.63,12.61,0.179,Healthy
2024-09-25,KDC 456Y,97,93.0,12.52,0.194,Healthy
2024-09-25,KDA 123X,104,92.89,12.19,0.071,Healthy
2024-09-25,KDB 789Z,138,88.86,12.62,0.061,Healthy
2024-09-25,KDE 555A,87,85.22,14.8,0.107,Healthy
2024-09-26,KDC 456Y,164,86.21,14.68,0.186,Healthy
2024-09-26,KDA 123X,204,90.73,13.26,0.09,Healthy
2024-09-26,KDB 789Z,240,86.34,13.09,0.053,Healthy
2024-09-26,KDE 555A,156,93.08,12.36,0.061,Healthy
2024-09-27,KDC 456Y,226,93.19,12.47,0.102,Healthy
2024-09-27,KDA 123X,121,86.24,12.02,0.131,Healthy
2024-09-27,KDB 789Z,104,91.59,12.26,0.09,Healthy
2024-09-27,KDE 555A,223,90.45,13.46,0.124,Healthy
2024-09-28,KDC 456Y,109,89.27,14.79,0.095,Healthy
2024-09-28,KDA 123X,172,89.24,12.75,0.082,Healthy
2024-09-28,KDB 789Z,165,89.28,12.33,0.064,Healthy
2024-09-28,KDE 555A,122,93.77,12.61,0.114,Healthy
2024-09-29,KDC 456Y,169,87.83,14.57,0.175,Healthy
2024-09-29,KDA 123X,168,94.32,12.04,0.15,Healthy
2024-09-29,KDB 789Z,115,91.03,12.86,0.056,Healthy
2024-09-29,KDE 555A,240,86.92,13.34,0.068,Healthy
2024-09-30,KDC 456Y,84,92.79,14.74,0.127,Healthy
2024-09-30,KDA 123X,192,92.38,12.15,0.105,Healthy
2024-09-30,KDB 789Z,89,93.99,13.96,0.152,Healthy
2024-09-30,KDE 555A,87,94.12,12.92,0.087,Healthy
2024-10-01,KDC 456Y,182,85.49,14.19,0.075,Healthy
2024-10-01,KDA 123X,130,88.06,13.17,0.142,Healthy
2024-10-01,KDB 789Z,216,93.39,14.11,0.102,Healthy
2024-10-01,KDE 555A,109,85.09,14.88,0.056,Healthy
2024-10-02,KDC 456Y,193,86.67,12.59,0.183,Healthy
2024-10-02,KDA 123X,215,93.96,12.33,0.16,Healthy
2024-10-02,KDB 789Z,229,94.36,13.2,0.07,Healthy
2024-10-02,KDE 555A,141,88.94,14.58,0.092,Healthy
2024-10-03,KDC 456Y,90,89.47,13.02,0.054,Healthy
2024-10-03,KDA 123X,142,86.72,14.82,0.187,Healthy
2024-10-03,KDB 789Z,207,89.16,14.24,0.179,Healthy
2024-10-03,KDE 555A,117,94.7,12.46,0.174,Healthy
2024-10-04,KDC 456Y,141,86.24,14.76,0.178,Healthy
2024-10-04,KDA 123X,242,94.77,13.38,0.134,Healthy
2024-10-04,KDB 789Z,226,87.77,12.53,0.197,Healthy
2024-10-04,KDE 555A,160,90.35,14.72,0.197,Healthy
2024-10-05,KDC 456Y,82,94.86,13.29,0.196,Healthy
2024-10-05,KDA 123X,93,87.52,14.82,0.181,Healthy
2024-10-05,KDB 789Z,202,93.87,12.34,0.146,Healthy
2024-10-05,KDE 555A,83,90.5,14.97,0.071,Healthy
2024-10-06,KDC 456Y,188,94.9,13.54,0.091,Healthy
2024-10-06,KDA 123X,134,86.34,12.1,0.195,Healthy
2024-10-06,KDB 789Z,225,87.44,12.04,0.083,Healthy
2024-10-06,KDE 555A,132,92.13,13.78,0.053,Healthy
2024-10-07,KDC 456Y,234,86.15,13.41,0.065,Healthy
2024-10-07,KDA 123X,176,93.55,14.92,0.109,Healthy
2024-10-07,KDB 789Z,103,88.09,14.02,0.057,Healthy
2024-10-07,KDE 555A,245,86.77,14.8,0.07,Healthy
2024-10-08,KDC 456Y,201,94.27,13.42,0.063,Healthy
2024-10-08,KDA 123X,201,88.02,14.17,0.136,Healthy
2024-10-08,KDB 789Z,133,88.91,14.03,0.102,Healthy
2024-10-08,KDE 555A,217,91.04,12.5,0.145,Healthy
2024-10-09,KDC 456Y,86,93.05,14.56,0.068,Healthy
2024-10-09,KDA 123X,89,89.98,14.22,0.08,Healthy
2024-10-09,KDB 789Z,239,87.29,14.96,0.162,Healthy
2024-10-09,KDE 555A,130,93.06,13.77,0.191,Healthy
2024-10-10,KDC 456Y,177,94.59,13.66,0.164,Healthy
2024-10-10,KDA 123X,167,90.66,14.8,0.078,Healthy
2024-10-10,KDB 789Z,209,88.89,13.39,0.196,Healthy
2024-10-10,KDE 555A,166,94.46,13.02,0.099,Healthy
2024-10-11,KDC 456Y,120,88.32,12.99,0.134,Healthy
2024-10-11,KDA 123X,92,86.15,14.81,0.133,Healthy
2024-10-11,KDB 789Z,142,94.94,14.27,0.117,Healthy
2024-10-11,KDE 555A,172,85.05,13.05,0.099,Healthy
2024-10-12,KDC 456Y,186,87.5,12.75,0.149,Healthy
2024-10-12,KDA 123X,163,92.28,14.69,0.147,Healthy
2024-10-12,KDB 789Z,178,92.57,13.54,0.144,Healthy
2024-10-12,KDE 555A,117,93.9,14.33,0.136,Healthy
2024-10-13,KDC 456Y,180,94.98,13.15,0.074,Healthy
2024-10-13,KDA 123X,143,92.67,12.5,0.171,Healthy
2024-10-13,KDB 789Z,145,94.97,13.32,0.084,Healthy
2024-10-13,KDE 555A,160,93.41,12.46,0.087,Healthy
2024-10-14,KDC 456Y,164,93.45,12.41,0.137,Healthy
2024-10-14,KDA 123X,98,87.31,13.16,0.082,Healthy
2024-10-14,KDB 789Z,200,90.61,13.55,0.182,Healthy
2024-10-14,KDE 555A,97,94.97,14.46,0.154,Healthy
2024-10-15,KDC 456Y,244,90.98,13.08,0.052,Healthy
2024-10-15,KDA 123X,155,90.46,14.96,0.094,Healthy
2024-10-15,KDB 789Z,226,92.97,14.82,0.166,Healthy
2024-10-15,KDE 555A,209,85.27,13.12,0.178,Healthy
2024-10-16,KDC 456Y,215,87.22,14.94,0.066,Healthy
2024-10-16,KDA 123X,93,92.17,14.44,0.16,Healthy
2024-10-16,KDB 789Z,242,93.99,12.77,0.085,Healthy
2024-10-16,KDE 555A,123,87.09,12.16,0.199,Healthy
2024-10-17,KDC 456Y,233,89.41,12.6,0.131,Healthy
2024-10-17,KDA 123X,249,91.77,13.28,0.181,Healthy
2024-10-17,KDB 789Z,219,94.21,13.5,0.194,Healthy
2024-10-17,KDE 555A,207,94.86,12.06,0.108,Healthy
2024-10-18,KDC 456Y,120,91.52,13.31,0.09,Healthy
2024-10-18,KDA 123X,115,86.92,13.17,0.182,Healthy
2024-10-18,KDB 789Z,230,93.28,12.58,0.14,Healthy
2024-10-18,KDE 555A,220,86.45,13.58,0.182,Healthy
2024-10-19,KDC 456Y,117,94.2,14.46,0.133,Healthy
2024-10-19,KDA 123X,176,93.88,12.66,0.059,Healthy
2024-10-19,KDB 789Z,177,89.03,12.45,0.115,Healthy
2024-10-19,KDE 555A,112,87.79,13.67,0.143,Healthy
2024-10-20,KDC 456Y,110,94.72,12.26,0.084,Healthy
2024-10-20,KDA 123X,120,90.71,14.7,0.063,Healthy
2024-10-20,KDB 789Z,183,88.69,12.88,0.056,Healthy
2024-10-20,KDE 555A,82,86.21,12.68,0.128,Healthy
2024-10-21,KDC 456Y,210,93.25,14.3,0.053,Healthy
2024-10-21,KDA 123X,120,87.1,12.39,0.1,Healthy
2024-10-21,KDB 789Z,84,94.65,13.83,0.125,Healthy
2024-10-21,KDE 555A,207,94.48,14.03,0.131,Healthy
2024-10-22,KDC 456Y,90,89.31,12.22,0.116,Healthy
2024-10-22,KDA 123X,114,90.13,14.46,0.068,Healthy
2024-10-22,KDB 789Z,92,85.61,13.34,0.072,Healthy
2024-10-22,KDE 555A,235,85.55,12.41,0.138,Healthy
2024-10-23,KDC 456Y,154,94.18,12.42,0.139,Healthy
2024-10-23,KDA 123X,94,85.67,13.89,0.115,Healthy
2024-10-23,KDB 789Z,172,92.26,14.93,0.138,Healthy
2024-10-23,KDE 555A,242,89.18,14.59,0.163,Healthy
2024-10-24,KDC 456Y,237,87.77,14.22,0.123,Healthy
2024-10-24,KDA 123X,224,87.64,14.42,0.057,Healthy
2024-10-24,KDB 789Z,186,93.68,13.28,0.131,Healthy
2024-10-24,KDE 555A,189,94.94,14.74,0.065,Healthy
2024-10-25,KDC 456Y,96,90.62,12.1,0.084,Healthy
2024-10-25,KDA 123X,171,91.2,12.89,0.174,Healthy
2024-10-25,KDB 789Z,172,86.44,13.72,0.169,Healthy
2024-10-25,KDE 555A,173,89.07,14.02,0.115,Healthy
2024-10-26,KDC 456Y,177,87.11,14.68,0.147,Healthy
2024-10-26,KDA 123X,101,89.98,12.53,0.169,Healthy
2024-10-26,KDB 789Z,237,91.28,13.32,0.113,Healthy
2024-10-26,KDE 555A,156,85.9,12.29,0.154,Healthy
2024-10-27,KDC 456Y,140,89.54,12.77,0.069,Healthy
2024-10-27,KDA 123X,121,85.73,13.97,0.097,Healthy
2024-10-27,KDB 789Z,234,89.59,12.99,0.054,Healthy
2024-10-27,KDE 555A,248,92.68,13.61,0.052,Healthy
2024-10-28,KDC 456Y,153,93.04,12.31,0.154,Healthy
2024-10-28,KDA 123X,104,90.5,12.48,0.083,Healthy
2024-10-28,KDB 789Z,202,85.48,12.93,0.132,Healthy
2024-10-28,KDE 555A,226,90.14,12.7,0.17,Healthy
2024-10-29,KDC 456Y,203,85.91,12.2,0.083,Healthy
2024-10-29,KDA 123X,106,90.32,13.9,0.175,Healthy
2024-10-29,KDB 789Z,211,86.24,14.86,0.063,Healthy
2024-10-29,KDE 555A,105,89.29,13.54,0.067,Healthy
2024-10-30,KDC 456Y,247,93.67,13.8,0.133,Healthy
2024-10-30,KDA 123X,87,89.98,12.12,0.186,Healthy
2024-10-30,KDB 789Z,130,93.3,13.53,0.145,Healthy
2024-10-30,KDE 555A,249,91.66,14.43,0.112,Healthy
2024-10-31,KDC 456Y,213,85.81,14.32,0.055,Healthy
2024-10-31,KDA 123X,89,92.94,13.78,0.115,Healthy
2024-10-31,KDB 789Z,157,86.43,12.32,0.075,Healthy
2024-10-31,KDE 555A,169,91.58,14.06,0.132,Healthy
2024-11-01,KDC 456Y,208,86.6,13.03,0.137,Healthy
2024-11-01,KDA 123X,205,89.59,13.04,0.09,Healthy
2024-11-01,KDB 789Z,176,94.4,12.45,0.162,Healthy
2024-11-01,KDE 555A,80,91.04,13.03,0.102,Healthy
2024-11-02,KDC 456Y,171,88.94,14.59,0.187,Healthy
2024-11-02,KDA 123X,202,90.0,14.93,0.142,Healthy
2024-11-02,KDB 789Z,219,94.9,14.31,0.116,Healthy
2024-11-02,KDE 555A,139,90.19,12.05,0.138,Healthy
2024-11-03,KDC 456Y,130,86.97,12.84,0.058,Healthy
2024-11-03,KDA 123X,222,87.81,14.23,0.159,Healthy
2024-11-03,KDB 789Z,89,88.44,13.8,0.131,Healthy
2024-11-03,KDE 555A,127,85.43,14.4,0.084,Healthy
2024-11-04,KDC 456Y,107,88.63,13.38,0.146,Healthy
2024-11-04,KDA 123X,129,88.99,14.84,0.128,Healthy
2024-11-04,KDB 789Z,160,85.23,14.9,0.136,Healthy
2024-11-04,KDE 555A,112,90.81,13.6,0.082,Healthy
2024-11-05,KDC 456Y,123,88.69,14.25,0.122,Healthy
2024-11-05,KDA 123X,198,88.63,13.36,0.079,Healthy
2024-11-05,KDB 789Z,200,94.29,14.96,0.113,Healthy
2024-11-05,KDE 555A,128,94.34,13.24,0.053,Healthy
2024-11-06,KDC 456Y,133,89.74,14.02,0.196,Healthy
2024-11-06,KDA 123X,241,90.35,14.67,0.077,Healthy
2024-11-06,KDB 789Z,121,92.78,12.93,0.195,Healthy
2024-11-06,KDE 555A,172,93.54,14.98,0.093,Healthy
2024-11-07,KDC 456Y,212,89.96,13.97,0.2,Healthy
2024-11-07,KDA 123X,223,92.46,13.15,0.087,Healthy
2024-11-07,KDB 789Z,164,86.22,14.47,0.143,Healthy
2024-11-07,KDE 555A,227,88.68,14.47,0.175,Healthy
2024-11-08,KDC 456Y,185,87.34,12.08,0.173,Healthy
2024-11-08,KDA 123X,86,92.18,12.67,0.075,Healthy
2024-11-08,KDB 789Z,87,92.22,13.04,0.135,Healthy
2024-11-08,KDE 555A,240,89.96,14.18,0.127,Healthy
2024-11-09,KDC 456Y,108,86.78,14.28,0.088,Healthy
2024-11-09,KDA 123X,111,86.7,13.78,0.157,Healthy
2024-11-09,KDB 789Z,103,87.92,13.12,0.174,Healthy
2024-11-09,KDE 555A,91,94.25,12.39,0.089,Healthy
2024-11-10,KDC 456Y,173,89.76,13.22,0.101,Healthy
2024-11-10,KDA 123X,151,85.38,12.83,0.192,Healthy
2024-11-10,KDB 789Z,120,90.08,13.62,0.1,Healthy
2024-11-10,KDE 555A,83,88.74,13.78,0.181,Healthy
2024-11-11,KDC 456Y,122,94.15,14.77,0.072,Healthy
2024-11-11,KDA 123X,112,90.01,13.24,0.069,Healthy
2024-11-11,KDB 789Z,145,90.83,12.63,0.054,Healthy
2024-11-11,KDE 555A,138,92.38,14.83,0.088,Healthy
2024-11-12,KDC 456Y,111,86.37,13.74,0.199,Healthy
2024-11-12,KDA 123X,209,86.98,14.95,0.164,Healthy
2024-11-12,KDB 789Z,201,92.85,13.66,0.15,Healthy
2024-11-12,KDE 555A,109,93.67,14.48,0.122,Healthy
2024-11-13,KDC 456Y,82,90.73,12.93,0.122,Healthy
2024-11-13,KDA 123X,109,90.46,12.71,0.199,Healthy
2024-11-13,KDB 789Z,227,93.19,13.33,0.083,Healthy
2024-11-13,KDE 555A,186,92.72,12.92,0.178,Healthy
2024-11-14,KDC 456Y,96,94.47,13.39,0.134,Healthy
2024-11-14,KDA 123X,202,91.91,13.22,0.157,Healthy
2024-11-14,KDB 789Z,152,90.16,12.65,0.131,Healthy
2024-11-14,KDE 555A,104,92.89,12.48,0.15,Healthy
2024-11-15,KDC 456Y,198,88.57,13.65,0.142,Healthy
2024-11-15,KDA 123X,84,89.44,14.72,0.171,Healthy
2024-11-15,KDB 789Z,210,90.56,12.75,0.14,Healthy
2024-11-15,KDE 555A,191,85.96,14.3,0.101,Healthy
2024-11-16,KDC 456Y,236,92.85,14.87,0.073,Healthy
2024-11-16,KDA 123X,96,85.6,12.83,0.079,Healthy
2024-11-16,KDB 789Z,82,93.27,14.49,0.122,Healthy
2024-11-16,KDE 555A,123,91.6,13.04,0.177,Healthy
2024-11-17,KDC 456Y,239,88.35,12.21,0.195,Healthy
2024-11-17,KDA 123X,179,87.11,13.24,0.076,Healthy
2024-11-17,KDB 789Z,131,85.13,12.71,0.103,Healthy
2024-11-17,KDE 555A,151,94.35,12.69,0.097,Healthy
2024-11-18,KDC 456Y,173,89.8,12.61,0.07,Healthy
2024-11-18,KDA 123X,114,89.28,14.51,0.079,Healthy
2024-11-18,KDB 789Z,123,87.26,13.26,0.174,Healthy
2024-11-18,KDE 555A,220,94.09,12.14,0.12,Healthy
2024-11-19,KDC 456Y,90,93.9,13.45,0.085,Healthy
2024-11-19,KDA 123X,188,92.85,13.99,0.18,Healthy
2024-11-19,KDB 789Z,175,85.7,14.49,0.176,Healthy
2024-11-19,KDE 555A,208,87.95,13.69,0.18,Healthy
2024-11-20,KDC 456Y,153,87.51,13.73,0.119,Healthy
2024-11-20,KDA 123X,196,93.03,12.86,0.144,Healthy
2024-11-20,KDB 789Z,138,93.13,14.45,0.094,Healthy
2024-11-20,KDE 555A,115,85.12,13.84,0.086,Healthy
2024-11-21,KDC 456Y,155,88.59,14.47,0.08,Healthy
2024-11-21,KDA 123X,149,94.94,14.56,0.089,Healthy
2024-11-21,KDB 789Z,144,89.57,12.85,0.186,Healthy
2024-11-21,KDE 555A,114,88.66,12.04,0.123,Healthy
2024-11-22,KDC 456Y,124,86.84,13.26,0.088,Healthy
2024-11-22,KDA 123X,212,85.95,13.09,0.193,Healthy
2024-11-22,KDB 789Z,150,92.15,12.65,0.095,Healthy
2024-11-22,KDE 555A,92,94.64,12.61,0.095,Healthy
2024-11-23,KDC 456Y,180,86.92,12.65,0.058,Healthy
2024-11-23,KDA 123X,154,90.34,13.3,0.055,Healthy
2024-11-23,KDB 789Z,199,90.24,13.09,0.058,Healthy
2024-11-23,KDE 555A,153,93.58,13.0,0.125,Healthy
2024-11-24,KDC 456Y,126,86.82,13.16,0.081,Healthy
2024-11-24,KDA 123X,123,91.44,13.89,0.073,Healthy
2024-11-24,KDB 789Z,108,86.97,14.79,0.101,Healthy
2024-11-24,KDE 555A,201,88.27,14.47,0.123,Healthy
2024-11-25,KDC 456Y,101,92.89,12.15,0.171,Healthy
2024-11-25,KDA 123X,216,91.31,14.52,0.125,Healthy
2024-11-25,KDB 789Z,97,93.71,14.14,0.2,Healthy
2024-11-25,KDE 555A,173,93.99,15.0,0.185,Healthy
2024-11-26,KDC 456Y,104,94.93,13.35,0.055,Healthy
2024-11-26,KDA 123X,116,94.12,13.29,0.052,Healthy
2024-11-26,KDB 789Z,244,90.41,13.58,0.166,Healthy
2024-11-26,KDE 555A,175,90.81,13.86,0.198,Healthy
2024-11-27,KDC 456Y,151,88.45,14.85,0.184,Healthy
2024-11-27,KDA 123X,180,91.0,13.38,0.131,Healthy
2024-11-27,KDB 789Z,123,92.86,12.89,0.185,Healthy
2024-11-27,KDE 555A,211,87.81,14.69,0.113,Healthy
2024-11-28,KDC 456Y,167,88.05,12.12,0.182,Healthy
2024-11-28,KDA 123X,191,89.79,13.55,0.055,Healthy
2024-11-28,KDB 789Z,88,85.69,13.82,0.101,Healthy
2024-11-28,KDE 555A,241,90.82,12.26,0.05,Healthy
2024-11-29,KDC 456Y,121,86.92,12.33,0.167,Healthy
2024-11-29,KDA 123X,219,87.92,13.05,0.129,Healthy
2024-11-29,KDB 789Z,115,94.85,12.91,0.178,Healthy
2024-11-29,KDE 555A,91,90.97,12.45,0.083,Healthy
2024-11-30,KDC 456Y,220,91.22,13.05,0.185,Healthy
2024-11-30,KDA 123X,214,92.52,12.24,0.133,Healthy
2024-11-30,KDB 789Z,152,85.49,12.05,0.053,Healthy
2024-11-30,KDE 555A,225,94.19,12.29,0.163,Healthy
2024-12-01,KDC 456Y,194,87.29,13.94,0.174,Healthy
2024-12-01,KDA 123X,151,87.45,12.74,0.119,Healthy
2024-12-01,KDB 789Z,87,94.06,14.37,0.107,Healthy
2024-12-01,KDE 555A,84,91.79,14.3,0.156,Healthy
2024-12-02,KDC 456Y,90,91.03,12.34,0.18,Healthy
2024-12-02,KDA 123X,130,92.42,14.75,0.178,Healthy
2024-12-02,KDB 789Z,188,94.02,14.08,0.052,Healthy
2024-12-02,KDE 555A,196,86.5,13.83,0.085,Healthy
2024-12-03,KDC 456Y,181,87.38,13.48,0.118,Healthy
2024-12-03,KDA 123X,158,88.75,14.03,0.139,Healthy
2024-12-03,KDB 789Z,199,94.48,14.38,0.198,Healthy
2024-12-03,KDE 555A,102,86.95,14.1,0.175,Healthy
2024-12-04,KDC 456Y,156,91.3,14.98,0.117,Healthy
2024-12-04,KDA 123X,137,85.27,12.17,0.073,Healthy
2024-12-04,KDB 789Z,103,91.65,13.39,0.13,Healthy
2024-12-04,KDE 555A,169,94.44,12.84,0.064,Healthy
2024-12-05,KDC 456Y,142,90.94,13.8,0.08,Healthy
2024-12-05,KDA 123X,109,92.58,12.31,0.073,Healthy
2024-12-05,KDB 789Z,112,92.47,13.48,0.088,Healthy
2024-12-05,KDE 555A,147,86.7,13.27,0.081,Healthy
2024-12-06,KDC 456Y,194,88.86,13.62,0.194,Healthy
2024-12-06,KDA 123X,239,91.06,13.61,0.136,Healthy
2024-12-06,KDB 789Z,126,93.04,12.59,0.069,Healthy
2024-12-06,KDE 555A,133,85.56,12.65,0.156,Healthy
2024-12-07,KDC 456Y,92,90.41,13.31,0.131,Healthy
2024-12-07,KDA 123X,103,92.6,13.42,0.065,Healthy
2024-12-07,KDB 789Z,186,90.35,12.41,0.103,Healthy
2024-12-07,KDE 555A,143,92.35,14.83,0.167,Healthy
2024-12-08,KDC 456Y,212,85.31,13.2,0.082,Healthy
2024-12-08,KDA 123X,156,85.4,13.38,0.125,Healthy
2024-12-08,KDB 789Z,167,91.46,14.72,0.194,Healthy
2024-12-08,KDE 555A,248,92.22,13.37,0.132,Healthy
2024-12-09,KDC 456Y,203,93.49,12.22,0.094,Healthy
2024-12-09,KDA 123X,125,94.87,14.45,0.056,Healthy
2024-12-09,KDB 789Z,99,92.17,13.06,0.147,Healthy
2024-12-09,KDE 555A,166,93.15,14.76,0.145,Healthy
2024-12-10,KDC 456Y,160,88.94,13.14,0.141,Healthy
2024-12-10,KDA 123X,247,92.81,13.12,0.134,Healthy
2024-12-10,KDB 789Z,147,89.19,12.81,0.076,Healthy
2024-12-10,KDE 555A,94,86.25,12.87,0.175,Healthy
2024-12-11,KDC 456Y,178,92.43,14.75,0.187,Healthy
2024-12-11,KDA 123X,100,92.44,12.41,0.078,Healthy
2024-12-11,KDB 789Z,230,92.29,14.31,0.163,Healthy
2024-12-11,KDE 555A,148,88.38,13.4,0.126,Healthy
2024-12-12,KDC 456Y,88,94.5,12.3,0.103,Healthy
2024-12-12,KDA 123X,236,94.87,13.05,0.117,Healthy
2024-12-12,KDB 789Z,220,89.35,14.41,0.112,Healthy
2024-12-12,KDE 555A,120,86.83,12.06,0.158,Healthy
2024-12-13,KDC 456Y,82,89.5,14.86,0.054,Healthy
2024-12-13,KDA 123X,227,90.31,14.59,0.068,Healthy
2024-12-13,KDB 789Z,173,88.05,14.43,0.112,Healthy
2024-12-13,KDE 555A,83,92.35,13.73,0.187,Healthy
2024-12-14,KDC 456Y,226,93.03,14.61,0.16,Healthy
2024-12-14,KDA 123X,178,88.02,14.8,0.132,Healthy
2024-12-14,KDB 789Z,116,87.84,14.98,0.105,Healthy
2024-12-14,KDE 555A,85,85.27,14.37,0.076,Healthy
2024-12-15,KDC 456Y,150,91.93,12.03,0.051,Healthy
2024-12-15,KDA 123X,112,85.89,14.87,0.174,Healthy
2024-12-15,KDB 789Z,136,89.28,13.06,0.16,Healthy
2024-12-15,KDE 555A,98,91.44,12.33,0.086,Healthy
2024-12-16,KDC 456Y,83,85.9,13.62,0.053,Healthy
2024-12-16,KDA 123X,223,91.56,12.8,0.158,Healthy
2024-12-16,KDB 789Z,156,88.24,12.13,0.053,Healthy
2024-12-16,KDE 555A,135,86.52,14.93,0.178,Healthy
2024-12-17,KDC 456Y,171,88.52,14.46,0.137,Healthy
2024-12-17,KDA 123X,128,88.59,14.58,0.148,Healthy
2024-12-17,KDB 789Z,220,87.48,14.66,0.163,Healthy
2024-12-17,KDE 555A,135,86.02,14.89,0.104,Healthy
2024-12-18,KDC 456Y,154,89.42,13.4,0.056,Healthy
2024-12-18,KDA 123X,105,88.19,12.43,0.176,Healthy
2024-12-18,KDB 789Z,83,86.39,14.61,0.112,Healthy
2024-12-18,KDE 555A,161,94.08,13.01,0.11,Healthy
2024-12-19,KDC 456Y,192,89.12,14.65,0.11,Healthy
2024-12-19,KDA 123X,139,86.02,13.12,0.119,Healthy
2024-12-19,KDB 789Z,241,93.94,13.92,0.129,Healthy
2024-12-19,KDE 555A,126,92.19,12.57,0.143,Healthy
2024-12-20,KDC 456Y,136,92.29,14.6,0.149,Healthy
2024-12-20,KDA 123X,198,91.06,14.82,0.133,Healthy
2024-12-20,KDB 789Z,177,87.87,14.65,0.058,Healthy
2024-12-20,KDE 555A,151,89.4,14.25,0.099,Healthy
2024-12-21,KDC 456Y,228,88.38,12.67,0.099,Healthy
2024-12-21,KDA 123X,125,92.3,13.34,0.139,Healthy
2024-12-21,KDB 789Z,152,90.18,12.19,0.178,Healthy
2024-12-21,KDE 555A,230,87.8,12.28,0.149,Healthy
2024-12-22,KDC 456Y,141,89.56,13.35,0.124,Healthy
2024-12-22,KDA 123X,208,92.61,14.81,0.101,Healthy
2024-12-22,KDB 789Z,85,90.02,14.01,0.169,Healthy
2024-12-22,KDE 555A,142,87.41,13.49,0.192,Healthy
2024-12-23,KDC 456Y,187,94.62,12.02,0.169,Healthy
2024-12-23,KDA 123X,230,92.49,13.65,0.138,Healthy
2024-12-23,KDB 789Z,85,87.91,12.56,0.17,Healthy
2024-12-23,KDE 555A,142,91.6,14.58,0.082,Healthy
2024-12-24,KDC 456Y,241,85.61,14.94,0.086,Healthy
2024-12-24,KDA 123X,220,93.92,13.93,0.126,Healthy
2024-12-24,KDB 789Z,229,92.54,13.3,0.066,Healthy
2024-12-24,KDE 555A,165,89.36,14.18,0.091,Healthy
2024-12-25,KDC 456Y,234,85.16,13.28,0.132,Healthy
2024-12-25,KDA 123X,210,93.41,12.65,0.09,Healthy
2024-12-25,KDB 789Z,198,94.93,12.46,0.114,Healthy
2024-12-25,KDE 555A,134,88.67,13.77,0.057,Healthy
2024-12-26,KDC 456Y,172,94.67,14.72,0.173,Healthy
2024-12-26,KDA 123X,209,90.71,13.27,0.197,Healthy
2024-12-26,KDB 789Z,155,91.72,14.93,0.196,Healthy
2024-12-26,KDE 555A,190,87.3,13.92,0.074,Healthy
2024-12-27,KDC 456Y,127,92.53,12.78,0.121,Healthy
2024-12-27,KDA 123X,191,94.27,12.18,0.151,Healthy
2024-12-27,KDB 789Z,157,90.52,13.09,0.061,Healthy
2024-12-27,KDE 555A,140,92.13,13.9,0.14,Healthy
2024-12-28,KDC 456Y,118,89.64,14.92,0.089,Healthy
2024-12-28,KDA 123X,213,91.99,12.24,0.175,Healthy
2024-12-28,KDB 789Z,82,93.46,13.07,0.093,Healthy
2024-12-28,KDE 555A,122,93.84,13.62,0.076,Healthy
2024-12-29,KDC 456Y,147,86.68,14.42,0.074,Healthy
2024-12-29,KDA 123X,236,87.05,12.49,0.131,Healthy
2024-12-29,KDB 789Z,110,93.29,14.45,0.064,Healthy
2024-12-29,KDE 555A,126,90.44,12.89,0.188,Healthy
2024-12-30,KDC 456Y,101,91.54,12.55,0.087,Healthy
2024-12-30,KDA 123X,161,93.95,12.53,0.087,Healthy
2024-12-30,KDB 789Z,199,86.62,12.81,0.182,Healthy
2024-12-30,KDE 555A,117,89.97,13.58,0.194,Healthy
2024-12-31,KDC 456Y,244,86.52,13.94,0.058,Healthy
2024-12-31,KDA 123X,195,88.32,14.53,0.103,Healthy
2024-12-31,KDB 789Z,97,88.21,12.22,0.167,Healthy
2024-12-31,KDE 555A,100,85.02,12.1,0.064,Healthy
2025-01-01,KDC 456Y,124,86.85,12.67,0.108,Healthy
2025-01-01,KDA 123X,91,85.81,13.65,0.09,Healthy
2025-01-01,KDB 789Z,128,92.68,14.05,0.069,Healthy
2025-01-01,KDE 555A,232,89.32,12.74,0.108,Healthy
2025-01-02,KDC 456Y,177,94.96,14.84,0.08,Healthy
2025-01-02,KDA 123X,110,92.35,13.19,0.103,Healthy
2025-01-02,KDB 789Z,87,90.19,14.51,0.086,Healthy
2025-01-02,KDE 555A,109,90.68,12.99,0.057,Healthy
2025-01-03,KDC 456Y,164,87.16,13.29,0.186,Healthy
2025-01-03,KDA 123X,103,86.99,14.96,0.105,Healthy
2025-01-03,KDB 789Z,162,85.62,14.14,0.109,Healthy
2025-01-03,KDE 555A,189,91.29,14.25,0.115,Healthy
2025-01-04,KDC 456Y,217,91.07,14.1,0.091,Healthy
2025-01-04,KDA 123X,229,94.51,13.28,0.052,Healthy
2025-01-04,KDB 789Z,123,93.7,14.72,0.088,Healthy
2025-01-04,KDE 555A,233,86.3,12.77,0.158,Healthy
2025-01-05,KDC 456Y,147,85.3,14.24,0.166,Healthy
2025-01-05,KDA 123X,216,89.13,13.07,0.186,Healthy
2025-01-05,KDB 789Z,145,94.69,13.24,0.137,Healthy
2025-01-05,KDE 555A,108,88.26,13.21,0.137,Healthy
2025-01-06,KDC 456Y,225,92.41,13.07,0.101,Healthy
2025-01-06,KDA 123X,194,85.1,13.52,0.093,Healthy
2025-01-06,KDB 789Z,96,85.08,12.91,0.058,Healthy
2025-01-06,KDE 555A,203,89.06,12.06,0.075,Healthy
2025-01-07,KDC 456Y,140,92.83,12.05,0.095,Healthy
2025-01-07,KDA 123X,117,93.34,14.4,0.175,Healthy
2025-01-07,KDB 789Z,99,87.13,14.82,0.139,Healthy
2025-01-07,KDE 555A,186,91.54,13.1,0.106,Healthy
2025-01-08,KDC 456Y,228,85.12,13.37,0.182,Healthy
2025-01-08,KDA 123X,89,86.05,14.23,0.16,Healthy
2025-01-08,KDB 789Z,120,93.88,14.8,0.076,Healthy
2025-01-08,KDE 555A,175,94.12,12.39,0.162,Healthy
2025-01-09,KDC 456Y,110,89.03,14.27,0.145,Healthy
2025-01-09,KDA 123X,118,92.72,14.8,0.127,Healthy
2025-01-09,KDB 789Z,201,93.74,12.85,0.105,Healthy
2025-01-09,KDE 555A,108,92.6,14.33,0.122,Healthy
2025-01-10,KDC 456Y,87,89.69,14.19,0.158,Healthy
2025-01-10,KDA 123X,113,90.39,13.99,0.059,Healthy
2025-01-10,KDB 789Z,141,88.06,12.46,0.114,Healthy
2025-01-10,KDE 555A,160,88.49,14.34,0.199,Healthy
2025-01-11,KDC 456Y,149,91.19,13.79,0.136,Healthy
2025-01-11,KDA 123X,198,90.1,13.5,0.149,Healthy
2025-01-11,KDB 789Z,200,91.39,13.19,0.056,Healthy
2025-01-11,KDE 555A,233,87.22,13.99,0.14,Healthy
2025-01-12,KDC 456Y,214,91.43,14.43,0.117,Healthy
2025-01-12,KDA 123X,169,86.66,12.16,0.135,Healthy
2025-01-12,KDB 789Z,134,92.78,12.93,0.073,Healthy
2025-01-12,KDE 555A,193,92.15,12.15,0.174,Healthy
2025-01-13,KDC 456Y,242,91.19,13.1,0.148,Healthy
2025-01-13,KDA 123X,153,91.42,14.93,0.129,Healthy
2025-01-13,KDB 789Z,124,92.3,12.14,0.153,Healthy
2025-01-13,KDE 555A,212,88.26,12.07,0.127,Healthy
2025-01-14,KDC 456Y,99,88.53,14.27,0.15,Healthy
2025-01-14,KDA 123X,190,94.73,14.61,0.071,Healthy
2025-01-14,KDB 789Z,198,92.89,14.34,0.057,Healthy
2025-01-14,KDE 555A,154,91.01,12.72,0.176,Healthy
2025-01-15,KDC 456Y,162,88.7,14.75,0.136,Healthy
2025-01-15,KDA 123X,101,85.28,14.46,0.079,Healthy
2025-01-15,KDB 789Z,110,87.4,12.93,0.056,Healthy
2025-01-15,KDE 555A,203,85.1,12.13,0.088,Healthy
2025-01-16,KDC 456Y,195,88.87,12.49,0.17,Healthy
2025-01-16,KDA 123X,189,88.46,13.56,0.182,Healthy
2025-01-16,KDB 789Z,177,93.94,14.48,0.184,Healthy
2025-01-16,KDE 555A,161,93.8,12.44,0.177,Healthy
2025-01-17,KDC 456Y,111,92.17,14.52,0.102,Healthy
2025-01-17,KDA 123X,90,94.1,14.51,0.18,Healthy
2025-01-17,KDB 789Z,236,85.69,14.11,0.088,Healthy
2025-01-17,KDE 555A,183,91.83,12.92,0.055,Healthy
2025-01-18,KDC 456Y,171,85.97,14.27,0.184,Healthy
2025-01-18,KDA 123X,126,89.58,12.14,0.171,Healthy
2025-01-18,KDB 789Z,207,92.0,14.99,0.066,Healthy
2025-01-18,KDE 555A,191,85.27,14.87,0.082,Healthy
2025-01-19,KDC 456Y,133,87.31,13.04,0.088,Healthy
2025-01-19,KDA 123X,241,91.41,13.53,0.057,Healthy
2025-01-19,KDB 789Z,143,88.27,14.28,0.163,Healthy
2025-01-19,KDE 555A,80,92.53,12.47,0.096,Healthy
2025-01-20,KDC 456Y,130,89.7,14.24,0.055,Healthy
2025-01-20,KDA 123X,105,85.98,12.59,0.145,Healthy
2025-01-20,KDB 789Z,180,91.15,14.5,0.184,Healthy
2025-01-20,KDE 555A,226,91.82,12.81,0.175,Healthy
2025-01-21,KDC 456Y,230,89.32,14.85,0.107,Healthy
2025-01-21,KDA 123X,246,91.59,14.28,0.061,Healthy
2025-01-21,KDB 789Z,215,85.49,12.73,0.195,Healthy
2025-01-21,KDE 555A,170,89.76,12.44,0.077,Healthy
2025-01-22,KDC 456Y,185,91.47,12.55,0.155,Healthy
2025-01-22,KDA 123X,94,91.17,13.96,0.128,Healthy
2025-01-22,KDB 789Z,150,88.24,12.42,0.17,Healthy
2025-01-22,KDE 555A,94,85.95,14.32,0.076,Healthy
2025-01-23,KDC 456Y,118,86.14,14.69,0.122,Healthy
2025-01-23,KDA 123X,224,87.42,12.66,0.139,Healthy
2025-01-23,KDB 789Z,203,90.03,14.74,0.063,Healthy
2025-01-23,KDE 555A,94,85.69,12.53,0.18,Healthy
2025-01-24,KDC 456Y,98,85.87,12.43,0.144,Healthy
2025-01-24,KDA 123X,140,85.17,14.32,0.171,Healthy
2025-01-24,KDB 789Z,136,91.56,12.26,0.197,Healthy
2025-01-24,KDE 555A,192,90.25,13.38,0.17,Healthy
2025-01-25,KDC 456Y,217,93.19,13.71,0.161,Healthy
2025-01-25,KDA 123X,196,89.89,12.35,0.105,Healthy
2025-01-25,KDB 789Z,168,88.8,12.28,0.146,Healthy
2025-01-25,KDE 555A,227,90.96,14.16,0.134,Healthy
2025-01-26,KDC 456Y,104,92.75,13.96,0.147,Healthy
2025-01-26,KDA 123X,231,86.97,14.88,0.083,Healthy
2025-01-26,KDB 789Z,88,85.68,13.69,0.194,Healthy
2025-01-26,KDE 555A,204,86.5,12.55,0.151,Healthy
2025-01-27,KDC 456Y,104,89.69,13.99,0.171,Healthy
2025-01-27,KDA 123X,98,86.06,13.88,0.174,Healthy
2025-01-27,KDB 789Z,247,91.19,12.78,0.187,Healthy
2025-01-27,KDE 555A,152,92.18,13.43,0.114,Healthy
2025-01-28,KDC 456Y,184,94.89,12.08,0.113,Healthy
2025-01-28,KDA 123X,213,94.36,13.3,0.075,Healthy
2025-01-28,KDB 789Z,150,85.29,15.0,0.174,Healthy
2025-01-28,KDE 555A,192,94.14,13.08,0.107,Healthy
2025-01-29,KDC 456Y,231,88.03,13.08,0.14,Healthy
2025-01-29,KDA 123X,86,88.53,12.39,0.134,Healthy
2025-01-29,KDB 789Z,123,89.9,14.06,0.095,Healthy
2025-01-29,KDE 555A,95,93.89,13.91,0.104,Healthy
2025-01-30,KDC 456Y,228,88.47,12.58,0.077,Healthy
2025-01-30,KDA 123X,197,86.49,12.51,0.074,Healthy
2025-01-30,KDB 789Z,233,85.64,12.48,0.135,Healthy
2025-01-30,KDE 555A,106,92.9,12.48,0.101,Healthy
2025-01-31,KDC 456Y,192,87.54,14.13,0.177,Healthy
2025-01-31,KDA 123X,142,86.52,13.52,0.127,Healthy
2025-01-31,KDB 789Z,137,91.61,13.36,0.138,Healthy
2025-01-31,KDE 555A,86,85.26,14.77,0.134,Healthy
2025-02-01,KDC 456Y,99,92.6,12.19,0.054,Healthy
2025-02-01,KDA 123X,223,92.02,13.08,0.105,Healthy
2025-02-01,KDB 789Z,113,88.15,13.74,0.156,Healthy
2025-02-01,KDE 555A,86,94.33,15.0,0.058,Healthy
2025-02-02,KDC 456Y,138,86.53,12.93,0.096,Healthy
2025-02-02,KDA 123X,203,88.89,13.68,0.1,Healthy
2025-02-02,KDB 789Z,206,85.04,14.12,0.068,Healthy
2025-02-02,KDE 555A,184,87.12,12.01,0.074,Healthy
2025-02-03,KDC 456Y,229,94.71,13.64,0.154,Healthy
2025-02-03,KDA 123X,95,90.79,13.78,0.07,Healthy
2025-02-03,KDB 789Z,121,87.68,14.07,0.175,Healthy
2025-02-03,KDE 555A,122,94.69,12.53,0.182,Healthy
2025-02-04,KDC 456Y,113,87.2,13.99,0.156,Healthy
2025-02-04,KDA 123X,210,92.24,13.26,0.11,Healthy
2025-02-04,KDB 789Z,151,91.57,14.3,0.142,Healthy
2025-02-04,KDE 555A,163,90.08,14.69,0.091,Healthy
2025-02-05,KDC 456Y,198,89.6,14.91,0.155,Healthy
2025-02-05,KDA 123X,123,89.74,13.15,0.19,Healthy
2025-02-05,KDB 789Z,80,93.09,14.8,0.069,Healthy
2025-02-05,KDE 555A,184,94.77,14.92,0.159,Healthy
2025-02-06,KDC 456Y,89,92.12,13.05,0.197,Healthy
2025-02-06,KDA 123X,134,86.78,13.5,0.099,Healthy
2025-02-06,KDB 789Z,176,91.35,13.09,0.062,Healthy
2025-02-06,KDE 555A,102,88.57,13.97,0.149,Healthy
2025-02-07,KDC 456Y,149,92.84,14.37,0.097,Healthy
2025-02-07,KDA 123X,204,94.47,14.57,0.056,Healthy
2025-02-07,KDB 789Z,148,88.99,14.11,0.171,Healthy
2025-02-07,KDE 555A,222,88.89,13.65,0.062,Healthy
2025-02-08,KDC 456Y,198,90.04,13.4,0.107,Healthy
2025-02-08,KDA 123X,226,91.75,12.42,0.1,Healthy
2025-02-08,KDB 789Z,147,91.29,13.86,0.085,Healthy
2025-02-08,KDE 555A,234,91.54,12.41,0.161,Healthy
2025-02-09,KDC 456Y,240,86.66,12.21,0.113,Healthy
2025-02-09,KDA 123X,162,92.21,14.39,0.133,Healthy
2025-02-09,KDB 789Z,156,88.28,12.24,0.065,Healthy
2025-02-09,KDE 555A,135,89.34,14.85,0.197,Healthy
2025-02-10,KDC 456Y,182,89.1,14.33,0.091,Healthy
2025-02-10,KDA 123X,183,89.91,12.31,0.184,Healthy
2025-02-10,KDB 789Z,127,91.72,14.48,0.079,Healthy
2025-02-10,KDE 555A,139,88.05,13.25,0.177,Healthy
2025-02-11,KDC 456Y,173,90.69,12.44,0.105,Healthy
2025-02-11,KDA 123X,143,87.44,12.66,0.118,Healthy
2025-02-11,KDB 789Z,238,89.5,13.27,0.149,Healthy
2025-02-11,KDE 555A,172,89.39,13.53,0.099,Healthy
2025-02-12,KDC 456Y,160,93.76,12.35,0.116,Healthy
2025-02-12,KDA 123X,100,88.2,12.79,0.103,Healthy
2025-02-12,KDB 789Z,216,89.65,14.18,0.129,Healthy
2025-02-12,KDE 555A,218,86.16,12.87,0.156,Healthy
2025-02-13,KDC 456Y,110,85.02,13.93,0.109,Healthy
2025-02-13,KDA 123X,198,86.06,14.32,0.071,Healthy
2025-02-13,KDB 789Z,228,88.05,12.46,0.138,Healthy
2025-02-13,KDE 555A,85,91.2,13.79,0.173,Healthy
2025-02-14,KDC 456Y,140,90.5,13.03,0.156,Healthy
2025-02-14,KDA 123X,197,90.55,14.25,0.196,Healthy
2025-02-14,KDB 789Z,129,94.95,12.16,0.087,Healthy
2025-02-14,KDE 555A,119,89.53,13.97,0.076,Healthy
2025-02-15,KDC 456Y,238,94.67,12.48,0.13,Healthy
2025-02-15,KDA 123X,84,93.11,13.22,0.2,Healthy
2025-02-15,KDB 789Z,165,91.78,14.06,0.16,Healthy
2025-02-15,KDE 555A,127,91.45,13.78,0.081,Healthy
2025-02-16,KDC 456Y,140,89.05,12.24,0.193,Healthy
2025-02-16,KDA 123X,231,85.65,12.51,0.194,Healthy
2025-02-16,KDB 789Z,156,85.96,12.76,0.176,Healthy
2025-02-16,KDE 555A,235,85.24,14.01,0.128,Healthy
2025-02-17,KDC 456Y,85,91.61,12.75,0.064,Healthy
2025-02-17,KDA 123X,173,85.1,14.32,0.102,Healthy
2025-02-17,KDB 789Z,245,87.91,13.2,0.059,Healthy
2025-02-17,KDE 555A,210,92.32,12.73,0.166,Healthy
2025-02-18,KDC 456Y,176,90.45,13.75,0.057,Healthy
2025-02-18,KDA 123X,207,90.51,12.11,0.098,Healthy
2025-02-18,KDB 789Z,89,94.28,13.34,0.117,Healthy
2025-02-18,KDE 555A,115,94.63,13.45,0.101,Healthy
2025-02-19,KDC 456Y,185,89.35,12.28,0.183,Healthy
2025-02-19,KDA 123X,126,86.35,14.82,0.17,Healthy
2025-02-19,KDB 789Z,147,90.01,14.7,0.178,Healthy
2025-02-19,KDE 555A,208,90.32,12.29,0.122,Healthy
2025-02-20,KDC 456Y,116,94.07,12.32,0.17,Healthy
2025-02-20,KDA 123X,87,94.29,14.05,0.186,Healthy
2025-02-20,KDB 789Z,210,89.15,12.74,0.129,Healthy
2025-02-20,KDE 555A,208,86.01,12.66,0.091,Healthy
2025-02-21,KDC 456Y,110,87.31,14.45,0.084,Healthy
2025-02-21,KDA 123X,149,86.21,13.14,0.143,Healthy
2025-02-21,KDB 789Z,185,85.95,13.35,0.083,Healthy
2025-02-21,KDE 555A,126,92.2,13.19,0.063,Healthy
2025-02-22,KDC 456Y,150,86.73,13.19,0.076,Healthy
2025-02-22,KDA 123X,83,93.87,14.49,0.099,Healthy
2025-02-22,KDB 789Z,89,94.5,14.14,0.168,Healthy
2025-02-22,KDE 555A,91,94.62,12.67,0.15,Healthy
2025-02-23,KDC 456Y,167,92.59,12.46,0.138,Healthy
2025-02-23,KDA 123X,225,89.34,14.83,0.097,Healthy
2025-02-23,KDB 789Z,118,87.97,12.61,0.178,Healthy
2025-02-23,KDE 555A,193,93.12,14.82,0.119,Healthy
2025-02-24,KDC 456Y,107,88.28,12.77,0.176,Healthy
2025-02-24,KDA 123X,183,85.49,14.35,0.173,Healthy
2025-02-24,KDB 789Z,163,90.94,12.75,0.054,Healthy
2025-02-24,KDE 555A,115,90.46,14.1,0.158,Healthy
2025-02-25,KDC 456Y,83,87.51,13.93,0.199,Healthy
2025-02-25,KDA 123X,218,94.15,12.81,0.183,Healthy
2025-02-25,KDB 789Z,215,93.22,13.52,0.062,Healthy
2025-02-25,KDE 555A,130,86.95,12.94,0.161,Healthy
2025-02-26,KDC 456Y,220,89.28,14.72,0.176,Healthy
2025-02-26,KDA 123X,102,91.04,12.08,0.171,Healthy
2025-02-26,KDB 789Z,83,89.59,13.94,0.159,Healthy
2025-02-26,KDE 555A,207,89.38,12.31,0.061,Healthy
2025-02-27,KDC 456Y,138,93.09,13.96,0.088,Healthy
2025-02-27,KDA 123X,126,88.04,14.75,0.148,Healthy
2025-02-27,KDB 789Z,157,89.26,13.36,0.129,Healthy
2025-02-27,KDE 555A,210,91.97,13.93,0.067,Healthy
2025-02-28,KDC 456Y,168,94.31,13.46,0.129,Healthy
2025-02-28,KDA 123X,117,88.71,13.81,0.084,Healthy
2025-02-28,KDB 789Z,244,92.12,13.45,0.191,Healthy
2025-02-28,KDE 555A,227,90.53,14.0,0.065,Healthy
2025-03-01,KDC 456Y,238,91.59,14.19,0.094,Healthy
2025-03-01,KDA 123X,104,86.14,13.67,0.074,Healthy
2025-03-01,KDB 789Z,164,93.7,13.25,0.072,Healthy
2025-03-01,KDE 555A,146,90.21,14.27,0.05,Healthy
2025-03-02,KDC 456Y,183,94.49,14.9,0.165,Healthy
2025-03-02,KDA 123X,237,85.26,12.9,0.072,Healthy
2025-03-02,KDB 789Z,106,94.85,12.7,0.107,Healthy
2025-03-02,KDE 555A,201,90.26,12.5,0.055,Healthy
2025-03-03,KDC 456Y,230,89.28,13.32,0.19,Healthy
2025-03-03,KDA 123X,90,93.15,13.59,0.152,Healthy
2025-03-03,KDB 789Z,155,88.45,12.56,0.155,Healthy
2025-03-03,KDE 555A,123,94.36,13.66,0.159,Healthy
2025-03-04,KDC 456Y,102,94.03,12.08,0.169,Healthy
2025-03-04,KDA 123X,191,92.26,12.37,0.051,Healthy
2025-03-04,KDB 789Z,157,89.38,12.66,0.122,Healthy
2025-03-04,KDE 555A,195,94.82,14.66,0.111,Healthy
2025-03-05,KDC 456Y,80,93.76,14.1,0.11,Healthy
2025-03-05,KDA 123X,222,85.51,12.91,0.155,Healthy
2025-03-05,KDB 789Z,144,86.21,12.3,0.125,Healthy
2025-03-05,KDE 555A,234,94.55,12.47,0.07,Healthy
2025-03-06,KDC 456Y,241,89.06,14.07,0.052,Healthy
2025-03-06,KDA 123X,189,90.72,13.92,0.138,Healthy
2025-03-06,KDB 789Z,112,86.88,14.09,0.098,Healthy
2025-03-06,KDE 555A,111,89.4,12.62,0.189,Healthy
2025-03-07,KDC 456Y,168,87.58,14.14,0.087,Healthy
2025-03-07,KDA 123X,136,89.51,13.32,0.185,Healthy
2025-03-07,KDB 789Z,96,89.47,12.3,0.181,Healthy
2025-03-07,KDE 555A,115,90.64,13.59,0.15,Healthy
2025-03-08,KDC 456Y,123,85.35,14.42,0.083,Healthy
2025-03-08,KDA 123X,139,92.39,14.29,0.151,Healthy
2025-03-08,KDB 789Z,196,87.55,13.35,0.138,Healthy
2025-03-08,KDE 555A,238,91.32,14.27,0.195,Healthy
2025-03-09,KDC 456Y,96,88.41,12.79,0.133,Healthy
2025-03-09,KDA 123X,230,89.55,14.58,0.138,Healthy
2025-03-09,KDB 789Z,115,88.69,13.81,0.125,Healthy
2025-03-09,KDE 555A,148,93.03,14.94,0.121,Healthy
2025-03-10,KDC 456Y,197,94.97,14.4,0.155,Healthy
2025-03-10,KDA 123X,97,88.07,12.41,0.153,Healthy
2025-03-10,KDB 789Z,203,91.18,13.63,0.078,Healthy
2025-03-10,KDE 555A,245,93.82,13.7,0.108,Healthy
2025-03-11,KDC 456Y,133,88.23,14.17,0.153,Healthy
2025-03-11,KDA 123X,202,93.29,14.32,0.108,Healthy
2025-03-11,KDB 789Z,118,88.04,14.18,0.119,Healthy
2025-03-11,KDE 555A,185,92.87,12.38,0.053,Healthy
2025-03-12,KDC 456Y,183,87.68,12.68,0.084,Healthy
2025-03-12,KDA 123X,230,89.34,12.78,0.141,Healthy
2025-03-12,KDB 789Z,90,92.25,13.84,0.165,Healthy
2025-03-12,KDE 555A,201,93.84,14.73,0.086,Healthy
2025-03-13,KDC 456Y,156,92.87,13.86,0.164,Healthy
2025-03-13,KDA 123X,190,88.88,14.42,0.196,Healthy
2025-03-13,KDB 789Z,182,89.07,14.8,0.192,Healthy
2025-03-13,KDE 555A,226,91.91,13.31,0.117,Healthy
2025-03-14,KDC 456Y,221,91.61,14.51,0.131,Healthy
2025-03-14,KDA 123X,170,86.7,14.04,0.131,Healthy
2025-03-14,KDB 789Z,199,91.28,15.0,0.197,Healthy
2025-03-14,KDE 555A,96,89.0,12.1,0.168,Healthy
2025-03-15,KDC 456Y,117,88.13,12.18,0.15,Healthy
2025-03-15,KDA 123X,103,94.24,14.36,0.095,Healthy
2025-03-15,KDB 789Z,196,92.93,13.58,0.163,Healthy
2025-03-15,KDE 555A,204,94.28,14.16,0.16,Healthy
2025-03-16,KDC 456Y,94,88.13,14.93,0.188,Healthy
2025-03-16,KDA 123X,93,93.31,12.26,0.197,Healthy
2025-03-16,KDB 789Z,119,90.16,13.85,0.173,Healthy
2025-03-16,KDE 555A,212,92.94,13.1,0.131,Healthy
2025-03-17,KDC 456Y,200,87.63,13.59,0.152,Healthy
2025-03-17,KDA 123X,188,86.42,12.13,0.13,Healthy
2025-03-17,KDB 789Z,181,94.43,12.68,0.197,Healthy
2025-03-17,KDE 555A,82,92.86,13.25,0.143,Healthy
2025-03-18,KDC 456Y,92,90.68,13.45,0.181,Healthy
2025-03-18,KDA 123X,131,92.27,14.36,0.123,Healthy
2025-03-18,KDB 789Z,164,87.86,13.57,0.105,Healthy
2025-03-18,KDE 555A,203,92.77,12.17,0.182,Healthy
2025-03-19,KDC 456Y,159,87.85,14.92,0.125,Healthy
2025-03-19,KDA 123X,242,92.99,14.08,0.136,Healthy
2025-03-19,KDB 789Z,221,85.81,14.48,0.112,Healthy
2025-03-19,KDE 555A,155,88.14,14.47,0.088,Healthy
2025-03-20,KDC 456Y,165,87.21,12.67,0.183,Healthy
2025-03-20,KDA 123X,215,94.51,12.87,0.169,Healthy
2025-03-20,KDB 789Z,114,94.99,14.34,0.112,Healthy
2025-03-20,KDE 555A,216,90.0,14.61,0.171,Healthy
2025-03-21,KDC 456Y,168,90.02,14.26,0.183,Healthy
2025-03-21,KDA 123X,162,85.53,12.05,0.114,Healthy
2025-03-21,KDB 789Z,149,88.35,13.06,0.186,Healthy
2025-03-21,KDE 555A,215,92.68,12.99,0.124,Healthy
2025-03-22,KDC 456Y,183,85.21,13.88,0.102,Healthy
2025-03-22,KDA 123X,151,88.02,13.58,0.145,Healthy
2025-03-22,KDB 789Z,244,89.82,14.51,0.184,Healthy
2025-03-22,KDE 555A,210,88.84,12.82,0.062,Healthy
2025-03-23,KDC 456Y,114,88.25,12.78,0.111,Healthy
2025-03-23,KDA 123X,119,85.44,12.49,0.11,Healthy
2025-03-23,KDB 789Z,173,88.8,14.01,0.161,Healthy
2025-03-23,KDE 555A,94,89.47,12.01,0.076,Healthy
2025-03-24,KDC 456Y,233,93.01,13.5,0.121,Healthy
2025-03-24,KDA 123X,215,89.76,14.62,0.072,Healthy
2025-03-24,KDB 789Z,96,93.78,12.64,0.087,Healthy
2025-03-24,KDE 555A,103,93.62,13.31,0.11,Healthy
2025-03-25,KDC 456Y,208,85.44,12.06,0.07,Healthy
2025-03-25,KDA 123X,223,94.37,12.23,0.058,Healthy
2025-03-25,KDB 789Z,238,88.46,13.6,0.181,Healthy
2025-03-25,KDE 555A,178,91.74,14.72,0.175,Healthy
2025-03-26,KDC 456Y,175,87.0,13.42,0.108,Healthy
2025-03-26,KDA 123X,131,91.43,13.2,0.079,Healthy
2025-03-26,KDB 789Z,219,86.53,14.43,0.158,Healthy
2025-03-26,KDE 555A,201,87.24,14.23,0.198,Healthy
2025-03-27,KDC 456Y,247,93.83,14.4,0.072,Healthy
2025-03-27,KDA 123X,159,88.5,14.55,0.181,Healthy
2025-03-27,KDB 789Z,85,88.02,12.98,0.199,Healthy
2025-03-27,KDE 555A,187,87.6,12.21,0.082,Healthy
2025-03-28,KDC 456Y,144,92.99,14.2,0.077,Healthy
2025-03-28,KDA 123X,174,94.14,14.12,0.175,Healthy
2025-03-28,KDB 789Z,120,90.96,14.14,0.158,Healthy
2025-03-28,KDE 555A,158,85.24,13.95,0.195,Healthy
2025-03-29,KDC 456Y,243,90.37,12.65,0.106,Healthy
2025-03-29,KDA 123X,188,91.2,14.27,0.054,Healthy
2025-03-29,KDB 789Z,109,89.77,14.59,0.106,Healthy
2025-03-29,KDE 555A,162,85.79,13.87,0.162,Healthy
2025-03-30,KDC 456Y,235,85.71,12.54,0.064,Healthy
2025-03-30,KDA 123X,238,93.02,12.48,0.074,Healthy
2025-03-30,KDB 789Z,205,94.14,14.33,0.139,Healthy
2025-03-30,KDE 555A,239,86.62,13.21,0.132,Healthy
2025-03-31,KDC 456Y,224,93.35,12.35,0.062,Healthy
2025-03-31,KDA 123X,110,92.67,13.17,0.153,Healthy
2025-03-31,KDB 789Z,236,93.46,14.09,0.05,Healthy
2025-03-31,KDE 555A,194,88.1,12.39,0.12,Healthy
2025-04-01,KDC 456Y,173,88.18,13.89,0.161,Healthy
2025-04-01,KDA 123X,243,94.93,12.03,0.195,Healthy
2025-04-01,KDB 789Z,88,88.81,13.37,0.078,Healthy
2025-04-01,KDE 555A,146,89.83,13.97,0.194,Healthy
2025-04-02,KDC 456Y,136,94.52,12.74,0.098,Healthy
2025-04-02,KDA 123X,179,92.91,14.13,0.114,Healthy
2025-04-02,KDB 789Z,211,89.32,14.37,0.074,Healthy
2025-04-02,KDE 555A,182,93.88,13.73,0.116,Healthy
2025-04-03,KDC 456Y,231,90.92,14.11,0.146,Healthy
2025-04-03,KDA 123X,202,86.08,12.73,0.119,Healthy
2025-04-03,KDB 789Z,165,85.7,12.7,0.125,Healthy
2025-04-03,KDE 555A,240,87.31,13.19,0.063,Healthy
2025-04-04,KDC 456Y,165,89.5,13.01,0.163,Healthy
2025-04-04,KDA 123X,248,86.1,13.17,0.116,Healthy
2025-04-04,KDB 789Z,129,92.51,14.76,0.092,Healthy
2025-04-04,KDE 555A,153,91.81,13.24,0.082,Healthy
2025-04-05,KDC 456Y,86,86.29,14.04,0.084,Healthy
2025-04-05,KDA 123X,183,90.32,12.43,0.112,Healthy
2025-04-05,KDB 789Z,205,92.97,13.33,0.156,Healthy
2025-04-05,KDE 555A,153,87.23,13.25,0.136,Healthy
2025-04-06,KDC 456Y,203,85.27,12.66,0.182,Healthy
2025-04-06,KDA 123X,192,89.2,14.61,0.053,Healthy
2025-04-06,KDB 789Z,234,89.37,13.08,0.139,Healthy
2025-04-06,KDE 555A,236,88.81,14.06,0.104,Healthy
2025-04-07,KDC 456Y,174,88.42,14.29,0.181,Healthy
2025-04-07,KDA 123X,221,90.88,14.57,0.105,Healthy
2025-04-07,KDB 789Z,91,87.6,12.12,0.065,Healthy
2025-04-07,KDE 555A,118,90.22,14.49,0.112,Healthy
2025-04-08,KDC 456Y,175,89.6,12.41,0.066,Healthy
2025-04-08,KDA 123X,121,92.16,12.04,0.095,Healthy
2025-04-08,KDB 789Z,91,93.86,14.62,0.116,Healthy
2025-04-08,KDE 555A,160,87.0,13.2,0.125,Healthy
2025-04-09,KDC 456Y,184,86.96,13.12,0.097,Healthy
2025-04-09,KDA 123X,218,91.13,13.38,0.131,Healthy
2025-04-09,KDB 789Z,215,85.44,13.79,0.064,Healthy
2025-04-09,KDE 555A,170,92.84,14.96,0.196,Healthy
2025-04-10,KDC 456Y,243,89.81,13.3,0.068,Healthy
2025-04-10,KDA 123X,217,93.32,13.74,0.187,Healthy
2025-04-10,KDB 789Z,112,89.76,13.3,0.154,Healthy
2025-04-10,KDE 555A,219,94.39,12.35,0.082,Healthy
2025-04-11,KDC 456Y,147,93.08,12.15,0.153,Healthy
2025-04-11,KDA 123X,213,93.15,13.64,0.13,Healthy
2025-04-11,KDB 789Z,187,87.24,12.3,0.174,Healthy
2025-04-11,KDE 555A,113,90.77,12.14,0.177,Healthy
2025-04-12,KDC 456Y,191,91.23,13.24,0.061,Healthy
2025-04-12,KDA 123X,221,94.02,14.13,0.099,Healthy
2025-04-12,KDB 789Z,248,94.77,14.46,0.179,Healthy
2025-04-12,KDE 555A,172,86.66,13.01,0.198,Healthy
2025-04-13,KDC 456Y,87,88.96,12.22,0.093,Healthy
2025-04-13,KDA 123X,102,92.16,13.98,0.12,Healthy
2025-04-13,KDB 789Z,106,85.66,13.89,0.054,Healthy
2025-04-13,KDE 555A,238,86.44,12.58,0.119,Healthy
2025-04-14,KDC 456Y,101,87.74,13.65,0.1,Healthy
2025-04-14,KDA 123X,145,88.28,13.51,0.087,Healthy
2025-04-14,KDB 789Z,246,85.95,12.39,0.123,Healthy
2025-04-14,KDE 555A,238,94.0,13.32,0.133,Healthy
2025-04-15,KDC 456Y,99,85.95,13.48,0.16,Healthy
2025-04-15,KDA 123X,245,93.1,14.03,0.095,Healthy
2025-04-15,KDB 789Z,174,93.05,12.23,0.182,Healthy
2025-04-15,KDE 555A,204,87.58,14.07,0.063,Healthy
2025-04-16,KDC 456Y,216,87.15,13.79,0.108,Healthy
2025-04-16,KDA 123X,86,92.37,12.87,0.181,Healthy
2025-04-16,KDB 789Z,240,86.5,12.01,0.123,Healthy
2025-04-16,KDE 555A,225,94.21,12.8,0.067,Healthy
2025-04-17,KDC 456Y,156,92.09,13.58,0.169,Healthy
2025-04-17,KDA 123X,185,94.12,12.57,0.128,Healthy
2025-04-17,KDB 789Z,88,89.9,14.72,0.186,Healthy
2025-04-17,KDE 555A,93,90.4,13.69,0.063,Healthy
2025-04-18,KDC 456Y,241,91.72,12.88,0.082,Healthy
2025-04-18,KDA 123X,194,90.7,12.67,0.119,Healthy
2025-04-18,KDB 789Z,161,91.8,14.13,0.122,Healthy
2025-04-18,KDE 555A,229,88.35,13.68,0.106,Healthy
2025-04-19,KDC 456Y,230,86.06,12.13,0.111,Healthy
2025-04-19,KDA 123X,215,85.9,14.2,0.169,Healthy
2025-04-19,KDB 789Z,158,92.18,14.36,0.176,Healthy
2025-04-19,KDE 555A,158,86.56,12.9,0.076,Healthy
2025-04-20,KDC 456Y,236,87.76,14.07,0.126,Healthy
2025-04-20,KDA 123X,85,90.7,12.65,0.186,Healthy
2025-04-20,KDB 789Z,242,90.09,13.65,0.149,Healthy
2025-04-20,KDE 555A,134,94.91,12.47,0.052,Healthy
2025-04-21,KDC 456Y,181,94.99,13.58,0.115,Healthy
2025-04-21,KDA 123X,170,85.54,12.01,0.155,Healthy
2025-04-21,KDB 789Z,239,93.9,13.27,0.153,Healthy
2025-04-21,KDE 555A,131,94.5,13.08,0.173,Healthy
2025-04-22,KDC 456Y,85,89.96,12.18,0.194,Healthy
2025-04-22,KDA 123X,204,92.89,13.1,0.087,Healthy
2025-04-22,KDB 789Z,135,91.06,14.72,0.124,Healthy
2025-04-22,KDE 555A,194,88.02,13.65,0.183,Healthy
2025-04-23,KDC 456Y,108,92.02,14.02,0.064,Healthy
2025-04-23,KDA 123X,135,90.69,13.38,0.199,Healthy
2025-04-23,KDB 789Z,229,92.8,13.19,0.077,Healthy
2025-04-23,KDE 555A,80,86.25,12.83,0.186,Healthy
2025-04-24,KDC 456Y,182,89.9,14.57,0.097,Healthy
2025-04-24,KDA 123X,89,93.56,14.81,0.141,Healthy
2025-04-24,KDB 789Z,164,90.67,12.99,0.184,Healthy
2025-04-24,KDE 555A,180,93.55,12.41,0.161,Healthy
2025-04-25,KDC 456Y,224,93.31,14.57,0.076,Healthy
2025-04-25,KDA 123X,208,86.77,13.87,0.053,Healthy
2025-04-25,KDB 789Z,111,85.93,13.08,0.129,Healthy
2025-04-25,KDE 555A,114,93.14,14.62,0.084,Healthy
2025-04-26,KDC 456Y,143,92.73,14.18,0.074,Healthy
2025-04-26,KDA 123X,242,94.85,14.78,0.189,Healthy
2025-04-26,KDB 789Z,82,94.22,14.74,0.173,Healthy
2025-04-26,KDE 555A,203,91.12,14.82,0.11,Healthy
2025-04-27,KDC 456Y,106,94.24,14.56,0.126,Healthy
2025-04-27,KDA 123X,203,86.34,14.15,0.168,Healthy
2025-04-27,KDB 789Z,169,91.79,14.95,0.083,Healthy
2025-04-27,KDE 555A,89,91.33,13.45,0.155,Healthy
2025-04-28,KDC 456Y,98,93.86,13.69,0.179,Healthy
2025-04-28,KDA 123X,226,94.12,13.53,0.145,Healthy
2025-04-28,KDB 789Z,148,86.47,15.0,0.17,Healthy
2025-04-28,KDE 555A,229,85.12,13.81,0.135,Healthy
2025-04-29,KDC 456Y,204,86.45,14.43,0.154,Healthy
2025-04-29,KDA 123X,86,89.1,13.31,0.094,Healthy
2025-04-29,KDB 789Z,143,94.09,12.98,0.164,Healthy
2025-04-29,KDE 555A,81,90.17,14.25,0.145,Healthy
2025-04-30,KDC 456Y,142,86.68,12.1,0.162,Healthy
2025-04-30,KDA 123X,133,93.66,14.89,0.188,Healthy
2025-04-30,KDB 789Z,201,94.15,13.83,0.088,Healthy
2025-04-30,KDE 555A,209,87.59,14.19,0.072,Healthy
2025-05-01,KDC 456Y,133,92.65,12.27,0.196,Healthy
2025-05-01,KDA 123X,92,87.7,14.6,0.156,Healthy
2025-05-01,KDB 789Z,214,86.7,13.53,0.191,Healthy
2025-05-01,KDE 555A,133,87.06,14.18,0.19,Healthy
2025-05-02,KDC 456Y,248,91.03,14.21,0.068,Healthy
2025-05-02,KDA 123X,106,93.08,14.53,0.145,Healthy
2025-05-02,KDB 789Z,209,90.82,13.54,0.162,Healthy
2025-05-02,KDE 555A,104,90.23,12.68,0.143,Healthy
2025-05-03,KDC 456Y,110,94.18,14.49,0.169,Healthy
2025-05-03,KDA 123X,109,90.6,13.43,0.105,Healthy
2025-05-03,KDB 789Z,145,93.77,12.9,0.069,Healthy
2025-05-03,KDE 555A,91,87.33,13.82,0.169,Healthy
2025-05-04,KDC 456Y,113,88.25,14.12,0.063,Healthy
2025-05-04,KDA 123X,165,87.04,12.67,0.149,Healthy
2025-05-04,KDB 789Z,197,92.59,13.12,0.141,Healthy
2025-05-04,KDE 555A,88,89.7,13.16,0.151,Healthy
2025-05-05,KDC 456Y,208,93.31,12.79,0.088,Healthy
2025-05-05,KDA 123X,217,91.12,12.43,0.093,Healthy
2025-05-05,KDB 789Z,160,87.01,13.52,0.14,Healthy
2025-05-05,KDE 555A,185,94.88,13.5,0.172,Healthy
2025-05-06,KDC 456Y,234,86.98,13.62,0.11,Healthy
2025-05-06,KDA 123X,231,92.33,14.46,0.105,Healthy
2025-05-06,KDB 789Z,159,93.2,13.91,0.177,Healthy
2025-05-06,KDE 555A,91,86.34,12.31,0.132,Healthy
2025-05-07,KDC 456Y,164,86.59,14.96,0.129,Healthy
2025-05-07,KDA 123X,154,85.9,12.68,0.054,Healthy
2025-05-07,KDB 789Z,110,89.54,12.44,0.114,Healthy
2025-05-07,KDE 555A,115,89.3,14.97,0.172,Healthy
2025-05-08,KDC 456Y,151,91.98,14.4,0.101,Healthy
2025-05-08,KDA 123X,185,88.88,14.06,0.079,Healthy
2025-05-08,KDB 789Z,221,94.78,14.99,0.196,Healthy
2025-05-08,KDE 555A,129,86.28,12.94,0.147,Healthy
2025-05-09,KDC 456Y,177,92.0,14.81,0.149,Healthy
2025-05-09,KDA 123X,151,91.68,14.3,0.196,Healthy
2025-05-09,KDB 789Z,97,94.03,14.33,0.182,Healthy
2025-05-09,KDE 555A,230,86.66,13.82,0.143,Healthy
2025-05-10,KDC 456Y,205,94.51,13.67,0.064,Healthy
2025-05-10,KDA 123X,239,88.59,13.39,0.177,Healthy
2025-05-10,KDB 789Z,161,94.16,14.05,0.155,Healthy
2025-05-10,KDE 555A,239,90.84,14.45,0.085,Healthy
2025-05-11,KDC 456Y,123,89.29,12.99,0.14,Healthy
2025-05-11,KDA 123X,172,89.97,13.18,0.184,Healthy
2025-05-11,KDB 789Z,238,87.29,13.25,0.177,Healthy
2025-05-11,KDE 555A,176,94.02,13.18,0.112,Healthy
2025-05-12,KDC 456Y,231,94.71,14.6,0.052,Healthy
2025-05-12,KDA 123X,209,86.72,12.05,0.065,Healthy
2025-05-12,KDB 789Z,243,93.28,13.73,0.08,Healthy
2025-05-12,KDE 555A,154,92.76,13.2,0.148,Healthy
2025-05-13,KDC 456Y,82,94.04,12.73,0.106,Healthy
2025-05-13,KDA 123X,234,85.13,13.61,0.168,Healthy
2025-05-13,KDB 789Z,167,93.29,12.41,0.152,Healthy
2025-05-13,KDE 555A,190,92.23,12.57,0.132,Healthy
2025-05-14,KDC 456Y,152,90.09,13.41,0.058,Healthy
2025-05-14,KDA 123X,149,91.91,14.93,0.147,Healthy
2025-05-14,KDB 789Z,234,93.93,13.4,0.053,Healthy
2025-05-14,KDE 555A,141,88.69,14.48,0.191,Healthy
2025-05-15,KDC 456Y,179,86.73,14.25,0.119,Healthy
2025-05-15,KDA 123X,235,88.2,13.17,0.163,Healthy
2025-05-15,KDB 789Z,163,93.16,12.63,0.05,Healthy
2025-05-15,KDE 555A,101,87.89,13.57,0.186,Healthy
2025-05-16,KDC 456Y,214,88.25,13.29,0.199,Healthy
2025-05-16,KDA 123X,142,86.01,14.2,0.192,Healthy
2025-05-16,KDB 789Z,174,90.83,12.15,0.135,Healthy
2025-05-16,KDE 555A,230,86.64,12.19,0.06,Healthy
2025-05-17,KDC 456Y,104,91.52,13.94,0.07,Healthy
2025-05-17,KDA 123X,131,88.46,12.94,0.053,Healthy
2025-05-17,KDB 789Z,232,93.73,12.49,0.139,Healthy
2025-05-17,KDE 555A,87,87.96,12.24,0.051,Healthy
2025-05-18,KDC 456Y,118,87.11,14.53,0.139,Healthy
2025-05-18,KDA 123X,153,91.36,13.18,0.096,Healthy
2025-05-18,KDB 789Z,178,89.29,14.59,0.06,Healthy
2025-05-18,KDE 555A,94,93.58,12.74,0.108,Healthy
2025-05-19,KDC 456Y,191,91.61,13.73,0.163,Healthy
2025-05-19,KDA 123X,110,90.48,13.29,0.126,Healthy
2025-05-19,KDB 789Z,173,85.25,13.02,0.067,Healthy
2025-05-19,KDE 555A,108,89.79,13.32,0.077,Healthy
2025-05-20,KDC 456Y,113,86.98,12.68,0.098,Healthy
2025-05-20,KDA 123X,114,93.27,12.21,0.06,Healthy
2025-05-20,KDB 789Z,122,91.38,15.0,0.192,Healthy
2025-05-20,KDE 555A,130,86.32,14.75,0.112,Healthy
2025-05-21,KDC 456Y,145,90.06,13.9,0.147,Healthy
2025-05-21,KDA 123X,85,85.64,13.4,0.134,Healthy
2025-05-21,KDB 789Z,115,89.36,13.85,0.144,Healthy
2025-05-21,KDE 555A,81,91.71,13.71,0.151,Healthy
2025-05-22,KDC 456Y,168,90.95,14.25,0.166,Healthy
2025-05-22,KDA 123X,221,93.2,13.1,0.098,Healthy
2025-05-22,KDB 789Z,231,86.77,14.79,0.086,Healthy
2025-05-22,KDE 555A,197,90.29,13.88,0.175,Healthy
2025-05-23,KDC 456Y,106,89.98,12.86,0.055,Healthy
2025-05-23,KDA 123X,174,94.61,12.99,0.162,Healthy
2025-05-23,KDB 789Z,119,93.12,12.3,0.167,Healthy
2025-05-23,KDE 555A,205,92.88,13.83,0.057,Healthy
2025-05-24,KDC 456Y,211,93.25,13.87,0.136,Healthy
2025-05-24,KDA 123X,97,86.66,13.62,0.099,Healthy
2025-05-24,KDB 789Z,100,89.78,14.14,0.145,Healthy
2025-05-24,KDE 555A,203,85.07,13.56,0.067,Healthy
2025-05-25,KDC 456Y,112,88.53,12.85,0.174,Healthy
2025-05-25,KDA 123X,170,92.4,14.66,0.132,Healthy
2025-05-25,KDB 789Z,144,92.25,12.99,0.172,Healthy
2025-05-25,KDE 555A,176,89.51,14.1,0.13,Healthy
2025-05-26,KDC 456Y,173,85.32,12.71,0.071,Healthy
2025-05-26,KDA 123X,87,85.74,12.31,0.111,Healthy
2025-05-26,KDB 789Z,135,92.06,13.08,0.193,Healthy
2025-05-26,KDE 555A,216,92.43,12.75,0.194,Healthy
2025-05-27,KDC 456Y,204,93.46,14.54,0.096,Healthy
2025-05-27,KDA 123X,126,90.26,12.03,0.149,Healthy
2025-05-27,KDB 789Z,85,93.73,14.44,0.157,Healthy
2025-05-27,KDE 555A,213,94.52,12.31,0.07,Healthy
2025-05-28,KDC 456Y,159,85.4,13.88,0.129,Healthy
2025-05-28,KDA 123X,149,88.62,14.3,0.092,Healthy
2025-05-28,KDB 789Z,221,88.72,14.5,0.119,Healthy
2025-05-28,KDE 555A,186,87.25,14.42,0.144,Healthy
2025-05-29,KDC 456Y,129,91.21,12.96,0.058,Healthy
2025-05-29,KDA 123X,116,85.78,13.8,0.199,Healthy
2025-05-29,KDB 789Z,86,87.45,12.66,0.053,Healthy
2025-05-29,KDE 555A,240,89.25,12.2,0.054,Healthy
2025-05-30,KDC 456Y,206,88.25,14.75,0.055,Healthy
2025-05-30,KDA 123X,197,90.5,12.01,0.194,Healthy
2025-05-30,KDB 789Z,158,91.74,12.78,0.111,Healthy
2025-05-30,KDE 555A,196,85.71,13.97,0.054,Healthy
2025-05-31,KDC 456Y,219,88.19,14.56,0.108,Healthy
2025-05-31,KDA 123X,237,89.05,14.38,0.164,Healthy
2025-05-31,KDB 789Z,176,89.52,14.76,0.054,Healthy
2025-05-31,KDE 555A,184,91.25,12.66,0.182,Healthy
2025-06-01,KDC 456Y,213,91.23,13.49,0.085,Healthy
2025-06-01,KDA 123X,121,87.78,14.7,0.083,Healthy
2025-06-01,KDB 789Z,215,85.72,13.22,0.165,Healthy
2025-06-01,KDE 555A,122,89.03,12.61,0.059,Healthy
2025-06-02,KDC 456Y,123,93.11,14.75,0.158,Healthy
2025-06-02,KDA 123X,86,94.82,13.96,0.179,Healthy
2025-06-02,KDB 789Z,249,91.69,14.46,0.093,Healthy
2025-06-02,KDE 555A,180,86.75,12.75,0.081,Healthy
2025-06-03,KDC 456Y,201,94.71,12.6,0.065,Healthy
2025-06-03,KDA 123X,145,90.82,12.81,0.142,Healthy
2025-06-03,KDB 789Z,102,90.18,14.26,0.091,Healthy
2025-06-03,KDE 555A,113,86.3,13.2,0.082,Healthy
2025-06-04,KDC 456Y,203,86.15,13.33,0.051,Healthy
2025-06-04,KDA 123X,246,85.84,14.94,0.193,Healthy
2025-06-04,KDB 789Z,223,85.79,12.56,0.075,Healthy
2025-06-04,KDE 555A,117,90.31,12.79,0.095,Healthy
2025-06-05,KDC 456Y,109,91.74,14.34,0.12,Healthy
2025-06-05,KDA 123X,180,86.79,12.74,0.135,Healthy
2025-06-05,KDB 789Z,172,91.06,12.96,0.187,Healthy
2025-06-05,KDE 555A,156,88.05,13.55,0.2,Healthy
2025-06-06,KDC 456Y,208,91.39,13.36,0.149,Healthy
2025-06-06,KDA 123X,100,89.45,12.31,0.126,Healthy
2025-06-06,KDB 789Z,102,85.43,13.89,0.072,Healthy
2025-06-06,KDE 555A,156,85.61,12.49,0.194,Healthy
2025-06-07,KDC 456Y,116,86.53,12.75,0.191,Healthy
2025-06-07,KDA 123X,110,90.77,13.29,0.093,Healthy
2025-06-07,KDB 789Z,138,94.54,12.48,0.119,Healthy
2025-06-07,KDE 555A,148,93.89,13.04,0.14,Healthy
2025-06-08,KDC 456Y,193,94.56,12.71,0.157,Healthy
2025-06-08,KDA 123X,152,86.21,14.65,0.184,Healthy
2025-06-08,KDB 789Z,173,92.19,12.08,0.112,Healthy
2025-06-08,KDE 555A,102,94.96,13.33,0.103,Healthy
2025-06-09,KDC 456Y,131,88.64,14.69,0.087,Healthy
2025-06-09,KDA 123X,225,91.32,14.18,0.164,Healthy
2025-06-09,KDB 789Z,119,90.97,13.43,0.085,Healthy
2025-06-09,KDE 555A,189,93.61,12.16,0.158,Healthy
2025-06-10,KDC 456Y,166,93.02,12.99,0.139,Healthy
2025-06-10,KDA 123X,222,87.57,12.29,0.149,Healthy
2025-06-10,KDB 789Z,165,90.78,14.5,0.181,Healthy
2025-06-10,KDE 555A,165,87.94,13.92,0.192,Healthy
2025-06-11,KDC 456Y,161,85.42,14.81,0.187,Healthy
2025-06-11,KDA 123X,238,91.72,12.94,0.136,Healthy
2025-06-11,KDB 789Z,107,92.63,13.17,0.101,Healthy
2025-06-11,KDE 555A,223,93.42,12.53,0.074,Healthy
2025-06-12,KDC 456Y,152,86.29,13.29,0.068,Healthy
2025-06-12,KDA 123X,223,87.02,12.64,0.149,Healthy
2025-06-12,KDB 789Z,105,91.76,13.94,0.168,Healthy
2025-06-12,KDE 555A,96,94.65,14.84,0.129,Healthy
2025-06-13,KDC 456Y,120,94.21,12.15,0.111,Healthy
2025-06-13,KDA 123X,85,90.99,14.56,0.196,Healthy
2025-06-13,KDB 789Z,89,90.64,12.99,0.087,Healthy
2025-06-13,KDE 555A,132,91.02,14.28,0.191,Healthy
2025-06-14,KDC 456Y,125,92.06,12.19,0.073,Healthy
2025-06-14,KDA 123X,182,85.57,13.33,0.144,Healthy
2025-06-14,KDB 789Z,154,93.95,13.12,0.098,Healthy
2025-06-14,KDE 555A,181,93.36,14.99,0.187,Healthy
2025-06-15,KDC 456Y,203,86.25,13.59,0.052,Healthy
2025-06-15,KDA 123X,125,85.19,12.92,0.185,Healthy
2025-06-15,KDB 789Z,151,88.02,13.72,0.14,Healthy
2025-06-15,KDE 555A,110,85.83,13.3,0.063,Healthy
2025-06-16,KDC 456Y,120,93.52,14.47,0.091,Healthy
2025-06-16,KDA 123X,217,88.25,13.06,0.118,Healthy
2025-06-16,KDB 789Z,217,87.39,12.62,0.104,Healthy
2025-06-16,KDE 555A,94,88.66,14.77,0.17,Healthy
2025-06-17,KDC 456Y,107,92.46,14.59,0.067,Healthy
2025-06-17,KDA 123X,178,90.72,14.45,0.152,Healthy
2025-06-17,KDB 789Z,147,89.8,12.78,0.143,Healthy
2025-06-17,KDE 555A,211,92.46,12.59,0.132,Healthy
2025-06-18,KDC 456Y,193,87.84,12.3,0.192,Healthy
2025-06-18,KDA 123X,130,91.01,12.44,0.089,Healthy
2025-06-18,KDB 789Z,247,94.49,12.99,0.186,Healthy
2025-06-18,KDE 555A,188,94.11,14.27,0.072,Healthy
2025-06-19,KDC 456Y,206,86.51,13.15,0.105,Healthy
2025-06-19,KDA 123X,201,85.01,14.2,0.092,Healthy
2025-06-19,KDB 789Z,229,88.46,13.4,0.161,Healthy
2025-06-19,KDE 555A,237,86.3,14.33,0.175,Healthy
2025-06-20,KDC 456Y,108,85.3,14.77,0.114,Healthy
2025-06-20,KDA 123X,169,87.97,14.61,0.154,Healthy
2025-06-20,KDB 789Z,163,85.22,13.58,0.105,Healthy
2025-06-20,KDE 555A,171,85.03,14.08,0.109,Healthy
2025-06-21,KDC 456Y,131,85.47,14.56,0.073,Healthy
2025-06-21,KDA 123X,120,86.3,14.69,0.117,Healthy
2025-06-21,KDB 789Z,232,86.59,12.09,0.133,Healthy
2025-06-21,KDE 555A,204,88.26,14.33,0.149,Healthy
2025-06-22,KDC 456Y,157,87.78,12.86,0.183,Healthy
2025-06-22,KDA 123X,243,92.38,14.96,0.153,Healthy
2025-06-22,KDB 789Z,215,93.68,12.1,0.088,Healthy
2025-06-22,KDE 555A,80,91.05,14.02,0.095,Healthy
2025-06-23,KDC 456Y,173,90.74,12.59,0.144,Healthy
2025-06-23,KDA 123X,85,87.14,12.79,0.141,Healthy
2025-06-23,KDB 789Z,94,91.47,13.48,0.093,Healthy
2025-06-23,KDE 555A,104,87.83,13.23,0.132,Healthy
2025-06-24,KDC 456Y,136,87.69,12.28,0.117,Healthy
2025-06-24,KDA 123X,84,87.21,14.18,0.135,Healthy
2025-06-24,KDB 789Z,247,85.24,12.93,0.094,Healthy
2025-06-24,KDE 555A,195,87.83,13.16,0.093,Healthy
2025-06-25,KDC 456Y,128,88.46,12.66,0.095,Healthy
2025-06-25,KDA 123X,229,90.25,14.87,0.177,Healthy
2025-06-25,KDB 789Z,156,90.75,14.67,0.075,Healthy
2025-06-25,KDE 555A,151,88.58,12.77,0.186,Healthy
2025-06-26,KDC 456Y,219,92.21,12.15,0.104,Healthy
2025-06-26,KDA 123X,134,92.4,13.96,0.055,Healthy
2025-06-26,KDB 789Z,197,94.17,13.76,0.198,Healthy
2025-06-26,KDE 555A,155,90.96,14.37,0.076,Healthy
2025-06-27,KDC 456Y,101,90.58,13.07,0.186,Healthy
2025-06-27,KDA 123X,140,91.85,14.34,0.056,Healthy
2025-06-27,KDB 789Z,163,93.67,12.24,0.107,Healthy
2025-06-27,KDE 555A,216,90.78,13.34,0.11,Healthy
2025-06-28,KDC 456Y,92,87.23,14.2,0.075,Healthy
2025-06-28,KDA 123X,139,92.32,12.2,0.183,Healthy
2025-06-28,KDB 789Z,157,85.21,13.51,0.064,Healthy
2025-06-28,KDE 555A,157,85.26,13.74,0.197,Healthy
2025-06-29,KDC 456Y,112,90.68,13.58,0.119,Healthy
2025-06-29,KDA 123X,87,91.15,14.42,0.117,Healthy
2025-06-29,KDB 789Z,121,86.0,14.91,0.108,Healthy
2025-06-29,KDE 555A,195,90.26,12.4,0.111,Healthy
2025-06-30,KDC 456Y,124,89.95,12.07,0.118,Healthy
2025-06-30,KDA 123X,184,92.83,13.57,0.146,Healthy
2025-06-30,KDB 789Z,87,90.43,14.9,0.088,Healthy
2025-06-30,KDE 555A,119,94.96,13.75,0.068,Healthy
2025-07-01,KDC 456Y,232,86.73,13.98,0.158,Healthy
2025-07-01,KDA 123X,93,91.36,12.6,0.054,Healthy
2025-07-01,KDB 789Z,224,92.11,14.92,0.127,Healthy
2025-07-01,KDE 555A,217,94.61,13.16,0.188,Healthy
2025-07-02,KDC 456Y,190,85.15,14.8,0.192,Healthy
2025-07-02,KDA 123X,226,91.48,12.11,0.057,Healthy
2025-07-02,KDB 789Z,240,92.2,13.56,0.052,Healthy
2025-07-02,KDE 555A,102,86.68,13.85,0.191,Healthy
2025-07-03,KDC 456Y,128,86.23,14.53,0.095,Healthy
2025-07-03,KDA 123X,183,89.56,12.58,0.174,Healthy
2025-07-03,KDB 789Z,239,89.47,13.77,0.166,Healthy
2025-07-03,KDE 555A,181,85.07,14.22,0.169,Healthy
2025-07-04,KDC 456Y,163,90.22,13.74,0.118,Healthy
2025-07-04,KDA 123X,237,93.09,12.31,0.072,Healthy
2025-07-04,KDB 789Z,245,92.17,13.73,0.06,Healthy
2025-07-04,KDE 555A,228,94.61,13.26,0.124,Healthy
2025-07-05,KDC 456Y,104,86.5,14.46,0.1,Healthy
2025-07-05,KDA 123X,234,92.74,13.21,0.106,Healthy
2025-07-05,KDB 789Z,204,91.6,12.06,0.18,Healthy
2025-07-05,KDE 555A,195,86.79,14.73,0.051,Healthy
2025-07-06,KDC 456Y,97,94.09,12.43,0.064,Healthy
2025-07-06,KDA 123X,137,88.67,13.9,0.178,Healthy
2025-07-06,KDB 789Z,241,85.99,13.56,0.182,Healthy
2025-07-06,KDE 555A,199,94.61,12.29,0.101,Healthy
2025-07-07,KDC 456Y,238,86.88,13.95,0.144,Healthy
2025-07-07,KDA 123X,119,87.25,13.35,0.12,Healthy
2025-07-07,KDB 789Z,117,94.6,14.5,0.096,Healthy
2025-07-07,KDE 555A,208,93.53,12.11,0.161,Healthy
2025-07-08,KDC 456Y,215,86.47,12.85,0.126,Healthy
2025-07-08,KDA 123X,207,85.28,13.85,0.084,Healthy
2025-07-08,KDB 789Z,102,85.71,12.73,0.16,Healthy
2025-07-08,KDE 555A,239,87.32,14.19,0.151,Healthy
2025-07-09,KDC 456Y,229,91.0,13.22,0.114,Healthy
2025-07-09,KDA 123X,200,86.96,12.48,0.18,Healthy
2025-07-09,KDB 789Z,204,85.35,13.17,0.129,Healthy
2025-07-09,KDE 555A,205,87.87,12.01,0.065,Healthy
2025-07-10,KDC 456Y,230,91.38,14.1,0.075,Healthy
2025-07-10,KDA 123X,184,91.3,14.53,0.177,Healthy
2025-07-10,KDB 789Z,114,92.27,14.59,0.073,Healthy
2025-07-10,KDE 555A,159,86.54,13.8,0.11,Healthy
2025-07-11,KDC 456Y,183,93.91,13.68,0.153,Healthy
2025-07-11,KDA 123X,223,93.1,14.47,0.182,Healthy
2025-07-11,KDB 789Z,107,86.2,14.69,0.183,Healthy
2025-07-11,KDE 555A,104,88.26,14.19,0.119,Healthy
2025-07-12,KDC 456Y,80,88.97,13.52,0.153,Healthy
2025-07-12,KDA 123X,115,92.14,13.11,0.064,Healthy
2025-07-12,KDB 789Z,199,94.43,13.03,0.145,Healthy
2025-07-12,KDE 555A,112,86.25,13.95,0.106,Healthy
2025-07-13,KDC 456Y,180,89.3,12.81,0.176,Healthy
2025-07-13,KDA 123X,199,92.45,14.1,0.183,Healthy
2025-07-13,KDB 789Z,120,87.93,13.48,0.176,Healthy
2025-07-13,KDE 555A,162,85.19,13.08,0.117,Healthy
2025-07-14,KDC 456Y,151,90.71,14.5,0.198,Healthy
2025-07-14,KDA 123X,171,92.74,12.12,0.082,Healthy
2025-07-14,KDB 789Z,246,90.86,13.11,0.098,Healthy
2025-07-14,KDE 555A,199,85.79,12.63,0.122,Healthy
2025-07-15,KDC 456Y,151,90.22,13.5,0.105,Healthy
2025-07-15,KDA 123X,102,89.34,14.17,0.145,Healthy
2025-07-15,KDB 789Z,118,91.25,13.63,0.171,Healthy
2025-07-15,KDE 555A,83,88.94,14.64,0.137,Healthy
2025-07-16,KDC 456Y,119,93.85,14.51,0.123,Healthy
2025-07-16,KDA 123X,177,86.46,12.42,0.187,Healthy
2025-07-16,KDB 789Z,194,92.45,12.38,0.11,Healthy
2025-07-16,KDE 555A,178,94.95,14.12,0.175,Healthy
2025-07-17,KDC 456Y,110,85.37,13.49,0.084,Healthy
2025-07-17,KDA 123X,232,89.79,13.34,0.107,Healthy
2025-07-17,KDB 789Z,139,90.02,13.29,0.12,Healthy
2025-07-17,KDE 555A,87,86.87,13.83,0.127,Healthy
2025-07-18,KDC 456Y,86,85.18,14.51,0.106,Healthy
2025-07-18,KDA 123X,181,89.77,13.18,0.068,Healthy
2025-07-18,KDB 789Z,128,87.91,12.81,0.15,Healthy
2025-07-18,KDE 555A,143,88.05,14.57,0.094,Healthy
2025-07-19,KDC 456Y,135,92.96,12.83,0.116,Healthy
2025-07-19,KDA 123X,191,87.54,13.69,0.124,Healthy
2025-07-19,KDB 789Z,179,87.53,14.39,0.082,Healthy
2025-07-19,KDE 555A,101,89.53,13.81,0.19,Healthy
2025-07-20,KDC 456Y,247,94.02,13.42,0.138,Healthy
2025-07-20,KDA 123X,222,88.78,14.06,0.093,Healthy
2025-07-20,KDB 789Z,81,89.05,14.85,0.181,Healthy
2025-07-20,KDE 555A,120,89.68,12.76,0.171,Healthy
2025-07-21,KDC 456Y,109,85.33,12.93,0.15,Healthy
2025-07-21,KDA 123X,111,87.45,12.83,0.06,Healthy
2025-07-21,KDB 789Z,111,85.48,13.47,0.187,Healthy
2025-07-21,KDE 555A,129,88.28,12.69,0.159,Healthy
2025-07-22,KDC 456Y,122,92.18,14.94,0.056,Healthy
2025-07-22,KDA 123X,219,89.24,12.92,0.056,Healthy
2025-07-22,KDB 789Z,248,91.03,13.25,0.146,Healthy
2025-07-22,KDE 555A,180,94.95,14.1,0.071,Healthy
2025-07-23,KDC 456Y,98,92.38,12.73,0.118,Healthy
2025-07-23,KDA 123X,138,86.48,14.65,0.062,Healthy
2025-07-23,KDB 789Z,114,85.12,13.81,0.053,Healthy
2025-07-23,KDE 555A,150,87.9,13.66,0.122,Healthy
2025-07-24,KDC 456Y,115,86.18,13.36,0.156,Healthy
2025-07-24,KDA 123X,230,86.54,14.64,0.163,Healthy
2025-07-24,KDB 789Z,226,91.25,14.71,0.163,Healthy
2025-07-24,KDE 555A,238,89.5,13.23,0.179,Healthy
2025-07-25,KDC 456Y,105,89.48,13.11,0.071,Healthy
2025-07-25,KDA 123X,202,89.95,14.37,0.145,Healthy
2025-07-25,KDB 789Z,131,92.62,13.41,0.085,Healthy
2025-07-25,KDE 555A,92,85.54,14.04,0.078,Healthy
2025-07-26,KDC 456Y,206,92.19,13.99,0.093,Healthy
2025-07-26,KDA 123X,107,91.73,14.15,0.094,Healthy
2025-07-26,KDB 789Z,94,89.85,14.51,0.162,Healthy
2025-07-26,KDE 555A,217,89.06,13.02,0.199,Healthy
2025-07-27,KDC 456Y,81,93.13,13.85,0.111,Healthy
2025-07-27,KDA 123X,88,93.54,13.53,0.086,Healthy
2025-07-27,KDB 789Z,167,93.64,14.18,0.108,Healthy
2025-07-27,KDE 555A,143,94.74,13.83,0.165,Healthy
2025-07-28,KDC 456Y,142,87.72,14.44,0.156,Healthy
2025-07-28,KDA 123X,106,88.6,12.89,0.065,Healthy
2025-07-28,KDB 789Z,96,91.53,14.72,0.087,Healthy
2025-07-28,KDE 555A,165,89.96,14.24,0.177,Healthy
2025-07-29,KDC 456Y,93,89.54,14.83,0.175,Healthy
2025-07-29,KDA 123X,246,85.32,12.79,0.051,Healthy
2025-07-29,KDB 789Z,110,93.35,13.86,0.12,Healthy
2025-07-29,KDE 555A,243,86.87,14.83,0.097,Healthy
2025-07-30,KDC 456Y,147,89.02,12.87,0.114,Healthy
2025-07-30,KDA 123X,158,92.81,12.83,0.101,Healthy
2025-07-30,KDB 789Z,174,89.5,14.15,0.083,Healthy
2025-07-30,KDE 555A,131,93.41,12.95,0.196,Healthy
2025-07-31,KDC 456Y,98,88.66,13.54,0.08,Healthy
2025-07-31,KDA 123X,184,90.71,14.13,0.146,Healthy
2025-07-31,KDB 789Z,104,88.8,14.81,0.134,Healthy
2025-07-31,KDE 555A,155,90.83,12.98,0.198,Healthy
2025-08-01,KDC 456Y,215,91.72,13.7,0.117,Healthy
2025-08-01,KDA 123X,192,94.72,12.52,0.189,Healthy
2025-08-01,KDB 789Z,104,90.57,13.31,0.163,Healthy
2025-08-01,KDE 555A,134,86.45,13.56,0.066,Healthy
2025-08-02,KDC 456Y,142,92.9,12.65,0.093,Healthy
2025-08-02,KDA 123X,249,87.88,12.41,0.097,Healthy
2025-08-02,KDB 789Z,216,92.84,13.62,0.054,Healthy
2025-08-02,KDE 555A,182,90.17,12.5,0.074,Healthy
2025-08-03,KDC 456Y,85,87.75,13.92,0.181,Healthy
2025-08-03,KDA 123X,180,91.61,12.23,0.142,Healthy
2025-08-03,KDB 789Z,120,87.59,14.72,0.161,Healthy
2025-08-03,KDE 555A,150,86.95,14.28,0.052,Healthy
2025-08-04,KDC 456Y,215,90.72,13.61,0.195,Healthy
2025-08-04,KDA 123X,239,88.67,14.81,0.073,Healthy
2025-08-04,KDB 789Z,120,91.89,14.45,0.139,Healthy
2025-08-04,KDE 555A,100,86.3,12.34,0.06,Healthy
2025-08-05,KDC 456Y,189,86.15,13.81,0.117,Healthy
2025-08-05,KDA 123X,247,91.38,13.39,0.062,Healthy
2025-08-05,KDB 789Z,248,85.84,13.3,0.188,Healthy
2025-08-05,KDE 555A,115,90.52,12.65,0.186,Healthy
2025-08-06,KDC 456Y,215,90.18,14.62,0.194,Healthy
2025-08-06,KDA 123X,246,89.02,13.31,0.121,Healthy
2025-08-06,KDB 789Z,179,89.04,14.3,0.134,Healthy
2025-08-06,KDE 555A,127,90.87,14.97,0.149,Healthy
2025-08-07,KDC 456Y,129,93.57,13.94,0.126,Healthy
2025-08-07,KDA 123X,133,90.25,12.38,0.136,Healthy
2025-08-07,KDB 789Z,213,89.13,14.09,0.097,Healthy
2025-08-07,KDE 555A,174,89.88,13.65,0.068,Healthy
2025-08-08,KDC 456Y,210,93.93,12.11,0.142,Healthy
2025-08-08,KDA 123X,237,87.8,14.46,0.198,Healthy
2025-08-08,KDB 789Z,157,94.17,14.36,0.099,Healthy
2025-08-08,KDE 555A,88,89.56,14.68,0.103,Healthy
2025-08-09,KDC 456Y,238,94.29,13.32,0.071,Healthy
2025-08-09,KDA 123X,207,89.67,13.82,0.115,Healthy
2025-08-09,KDB 789Z,202,88.25,12.99,0.14,Healthy
2025-08-09,KDE 555A,207,90.27,14.42,0.084,Healthy
2025-08-10,KDC 456Y,187,93.67,14.3,0.187,Healthy
2025-08-10,KDA 123X,229,86.32,12.89,0.171,Healthy
2025-08-10,KDB 789Z,138,91.41,12.52,0.196,Healthy
2025-08-10,KDE 555A,239,87.56,14.47,0.112,Healthy
2025-08-11,KDC 456Y,218,85.68,14.57,0.193,Healthy
2025-08-11,KDA 123X,110,94.43,12.61,0.138,Healthy
2025-08-11,KDB 789Z,142,85.86,12.3,0.086,Healthy
2025-08-11,KDE 555A,126,91.14,12.32,0.133,Healthy
2025-08-12,KDC 456Y,125,90.58,13.88,0.057,Healthy
2025-08-12,KDA 123X,137,89.95,13.49,0.152,Healthy
2025-08-12,KDB 789Z,182,92.96,13.14,0.182,Healthy
2025-08-12,KDE 555A,158,93.42,14.49,0.198,Healthy
2025-08-13,KDC 456Y,171,94.37,14.07,0.106,Healthy
2025-08-13,KDA 123X,223,89.87,13.67,0.094,Healthy
2025-08-13,KDB 789Z,90,94.27,12.73,0.118,Healthy
2025-08-13,KDE 555A,138,93.55,14.55,0.141,Healthy
2025-08-14,KDC 456Y,83,89.53,14.15,0.097,Healthy
2025-08-14,KDA 123X,213,92.05,13.57,0.125,Healthy
2025-08-14,KDB 789Z,193,88.3,14.05,0.076,Healthy
2025-08-14,KDE 555A,176,86.98,14.37,0.06,Healthy
2025-08-15,KDC 456Y,239,85.98,13.41,0.078,Healthy
2025-08-15,KDA 123X,161,91.12,13.72,0.109,Healthy
2025-08-15,KDB 789Z,130,85.92,12.75,0.18,Healthy
2025-08-15,KDE 555A,149,85.62,12.56,0.131,Healthy
2025-08-16,KDC 456Y,100,85.84,14.12,0.078,Healthy
2025-08-16,KDA 123X,102,85.15,13.3,0.173,Healthy
2025-08-16,KDB 789Z,197,90.8,13.71,0.122,Healthy
2025-08-16,KDE 555A,249,93.36,14.01,0.136,Healthy
2025-08-17,KDC 456Y,115,91.85,13.03,0.099,Healthy
2025-08-17,KDA 123X,152,94.45,14.4,0.183,Healthy
2025-08-17,KDB 789Z,199,87.17,13.67,0.172,Healthy
2025-08-17,KDE 555A,224,90.42,13.62,0.126,Healthy
2025-08-18,KDC 456Y,198,91.77,12.81,0.085,Healthy
2025-08-18,KDA 123X,201,93.7,14.28,0.182,Healthy
2025-08-18,KDB 789Z,200,93.58,13.34,0.111,Healthy
2025-08-18,KDE 555A,110,91.11,14.7,0.075,Healthy
2025-08-19,KDC 456Y,242,88.49,14.37,0.128,Healthy
2025-08-19,KDA 123X,161,94.04,14.86,0.113,Healthy
2025-08-19,KDB 789Z,83,92.77,14.04,0.059,Healthy
2025-08-19,KDE 555A,128,93.47,12.97,0.123,Healthy
2025-08-20,KDC 456Y,88,94.61,12.65,0.078,Healthy
2025-08-20,KDA 123X,200,94.24,13.7,0.117,Healthy
2025-08-20,KDB 789Z,152,89.35,13.06,0.11,Healthy
2025-08-20,KDE 555A,221,86.08,12.62,0.12,Healthy
2025-08-21,KDC 456Y,160,90.73,12.21,0.097,Healthy
2025-08-21,KDA 123X,183,86.94,14.18,0.193,Healthy
2025-08-21,KDB 789Z,177,88.09,12.16,0.088,Healthy
2025-08-21,KDE 555A,109,94.31,12.81,0.191,Healthy
2025-08-22,KDC 456Y,191,92.94,14.08,0.195,Healthy
2025-08-22,KDA 123X,235,86.35,13.69,0.058,Healthy
2025-08-22,KDB 789Z,226,86.44,14.78,0.085,Healthy
2025-08-22,KDE 555A,241,93.22,14.85,0.184,Healthy
2025-08-23,KDC 456Y,220,94.14,14.02,0.103,Healthy
2025-08-23,KDA 123X,242,89.02,12.11,0.128,Healthy
2025-08-23,KDB 789Z,233,92.15,13.84,0.165,Healthy
2025-08-23,KDE 555A,201,89.58,13.6,0.166,Healthy
2025-08-24,KDC 456Y,125,91.85,14.88,0.175,Healthy
2025-08-24,KDA 123X,218,85.43,13.58,0.155,Healthy
2025-08-24,KDB 789Z,207,89.19,14.44,0.135,Healthy
2025-08-24,KDE 555A,117,85.37,14.88,0.072,Healthy
2025-08-25,KDC 456Y,236,87.89,12.14,0.062,Healthy
2025-08-25,KDA 123X,170,91.58,13.08,0.052,Healthy
2025-08-25,KDB 789Z,183,91.57,12.33,0.156,Healthy
2025-08-25,KDE 555A,126,86.63,12.23,0.135,Healthy
2025-08-26,KDC 456Y,181,85.54,14.02,0.091,Healthy
2025-08-26,KDA 123X,248,94.04,12.64,0.117,Healthy
2025-08-26,KDB 789Z,101,91.01,12.51,0.062,Healthy
2025-08-26,KDE 555A,231,93.01,13.3,0.18,Healthy
2025-08-27,KDC 456Y,126,85.84,12.54,0.169,Healthy
2025-08-27,KDA 123X,237,89.93,13.81,0.15,Healthy
2025-08-27,KDB 789Z,192,85.15,13.84,0.152,Healthy
2025-08-27,KDE 555A,190,92.83,13.11,0.157,Healthy
2025-08-28,KDC 456Y,239,91.38,13.95,0.175,Healthy
2025-08-28,KDA 123X,204,89.76,13.48,0.074,Healthy
2025-08-28,KDB 789Z,94,94.18,14.44,0.2,Healthy
2025-08-28,KDE 555A,138,92.97,13.26,0.068,Healthy
2025-08-29,KDC 456Y,95,87.24,12.76,0.15,Healthy
2025-08-29,KDA 123X,93,87.49,12.22,0.126,Healthy
2025-08-29,KDB 789Z,203,92.04,14.22,0.106,Healthy
2025-08-29,KDE 555A,92,94.5,12.96,0.14,Healthy
2025-08-30,KDC 456Y,138,90.56,14.8,0.092,Healthy
2025-08-30,KDA 123X,146,93.94,12.37,0.192,Healthy
2025-08-30,KDB 789Z,205,93.4,14.64,0.064,Healthy
2025-08-30,KDE 555A,169,90.69,13.18,0.085,Healthy
2025-08-31,KDC 456Y,184,91.0,14.92,0.146,Healthy
2025-08-31,KDA 123X,182,91.69,14.67,0.066,Healthy
2025-08-31,KDB 789Z,214,91.22,14.7,0.13,Healthy
2025-08-31,KDE 555A,230,85.45,13.22,0.084,Healthy
2025-09-01,KDC 456Y,95,88.42,14.68,0.159,Healthy
2025-09-01,KDA 123X,189,87.0,14.63,0.127,Healthy
2025-09-01,KDB 789Z,220,91.3,14.28,0.136,Healthy
2025-09-01,KDE 555A,183,94.31,12.56,0.141,Healthy
2025-09-02,KDC 456Y,209,88.03,12.39,0.184,Healthy
2025-09-02,KDA 123X,242,94.45,12.72,0.124,Healthy
2025-09-02,KDB 789Z,142,87.65,12.09,0.18,Healthy
2025-09-02,KDE 555A,110,88.65,12.8,0.094,Healthy
2025-09-03,KDC 456Y,88,86.04,12.76,0.064,Healthy
2025-09-03,KDA 123X,208,87.91,14.98,0.168,Healthy
2025-09-03,KDB 789Z,95,89.21,13.88,0.198,Healthy
2025-09-03,KDE 555A,131,86.01,13.59,0.188,Healthy
2025-09-04,KDC 456Y,153,89.07,13.15,0.193,Healthy
2025-09-04,KDA 123X,136,86.66,12.02,0.063,Healthy
2025-09-04,KDB 789Z,149,87.77,12.98,0.116,Healthy
2025-09-04,KDE 555A,240,86.05,12.26,0.135,Healthy
2025-09-05,KDC 456Y,136,87.3,15.1,0.21,Healthy
2025-09-05,KDA 123X,86,92.41,14.48,0.064,Healthy
2025-09-05,KDB 789Z,85,89.8,13.92,0.07,Healthy
2025-09-05,KDE 555A,126,86.85,13.8,0.187,Healthy
2025-09-06,KDC 456Y,106,90.07,15.25,0.236,Healthy
2025-09-06,KDA 123X,237,91.21,12.6,0.056,Healthy
2025-09-06,KDB 789Z,183,91.56,13.81,0.138,Healthy
2025-09-06,KDE 555A,164,88.69,13.33,0.104,Healthy
2025-09-07,KDC 456Y,89,92.95,15.39,0.261,Healthy
2025-09-07,KDA 123X,196,88.81,13.94,0.08,Healthy
2025-09-07,KDB 789Z,195,93.07,13.92,0.171,Healthy
2025-09-07,KDE 555A,242,86.23,13.1,0.111,Healthy
2025-09-08,KDC 456Y,209,91.15,15.54,0.287,Healthy
2025-09-08,KDA 123X,194,91.96,14.87,0.18,Healthy
2025-09-08,KDB 789Z,129,93.2,14.45,0.068,Healthy
2025-09-08,KDE 555A,144,89.04,12.24,0.112,Healthy
2025-09-09,KDC 456Y,121,88.3,15.69,0.313,Healthy
2025-09-09,KDA 123X,153,90.03,12.2,0.086,Healthy
2025-09-09,KDB 789Z,130,92.05,14.62,0.192,Healthy
2025-09-09,KDE 555A,183,87.62,13.43,0.195,Healthy
2025-09-10,KDC 456Y,249,93.95,15.83,0.338,Healthy
2025-09-10,KDA 123X,145,92.1,12.23,0.08,Healthy
2025-09-10,KDB 789Z,142,85.53,13.58,0.077,Healthy
2025-09-10,KDE 555A,170,87.78,13.57,0.073,Healthy
2025-09-11,KDC 456Y,193,89.78,15.98,0.364,Healthy
2025-09-11,KDA 123X,104,87.12,13.92,0.111,Healthy
2025-09-11,KDB 789Z,147,90.7,12.51,0.09,Healthy
2025-09-11,KDE 555A,129,86.05,13.18,0.137,Healthy
2025-09-12,KDC 456Y,225,88.02,16.13,0.39,Healthy
2025-09-12,KDA 123X,220,92.56,14.42,0.154,Healthy
2025-09-12,KDB 789Z,142,88.63,14.96,0.186,Healthy
2025-09-12,KDE 555A,219,85.13,14.19,0.18,Healthy
2025-09-13,KDC 456Y,215,86.21,16.27,0.415,Healthy
2025-09-13,KDA 123X,81,91.06,12.64,0.141,Healthy
2025-09-13,KDB 789Z,103,85.06,14.65,0.107,Healthy
2025-09-13,KDE 555A,215,93.93,12.1,0.058,Healthy
2025-09-14,KDC 456Y,175,89.54,16.42,0.441,Healthy
2025-09-14,KDA 123X,231,86.22,14.08,0.188,Healthy
2025-09-14,KDB 789Z,112,89.09,13.61,0.074,Healthy
2025-09-14,KDE 555A,91,91.17,12.41,0.183,Healthy
2025-09-15,KDC 456Y,133,88.15,16.57,0.467,Healthy
2025-09-15,KDA 123X,167,93.56,14.11,0.191,Healthy
2025-09-15,KDB 789Z,120,93.83,13.44,0.119,Healthy
2025-09-15,KDE 555A,158,90.03,14.97,0.161,Healthy
2025-09-16,KDC 456Y,96,93.14,16.71,0.492,Healthy
2025-09-16,KDA 123X,129,86.84,12.66,0.188,Healthy
2025-09-16,KDB 789Z,98,89.84,13.83,0.105,Healthy
2025-09-16,KDE 555A,161,92.47,13.71,0.069,Healthy
2025-09-17,KDC 456Y,184,94.23,16.86,0.518,Healthy
2025-09-17,KDA 123X,209,87.88,12.68,0.132,Healthy
2025-09-17,KDB 789Z,231,93.44,14.93,0.077,Healthy
2025-09-17,KDE 555A,135,89.26,13.65,0.126,Healthy
2025-09-18,KDC 456Y,123,94.4,17.01,0.544,Healthy
2025-09-18,KDA 123X,156,86.98,12.02,0.198,Healthy
2025-09-18,KDB 789Z,97,89.61,13.84,0.156,Healthy
2025-09-18,KDE 555A,135,91.32,13.89,0.07,Healthy
2025-09-19,KDC 456Y,123,93.18,17.15,0.569,Healthy
2025-09-19,KDA 123X,82,90.82,14.61,0.133,Healthy
2025-09-19,KDB 789Z,122,90.87,13.95,0.078,Healthy
2025-09-19,KDE 555A,181,86.43,12.21,0.161,Healthy
2025-09-20,KDC 456Y,199,85.02,17.3,0.595,Healthy
2025-09-20,KDA 123X,150,90.78,12.3,0.139,Healthy
2025-09-20,KDB 789Z,141,85.73,14.57,0.07,Healthy
2025-09-20,KDE 555A,183,86.76,13.39,0.086,Healthy
2025-09-21,KDC 456Y,100,88.37,17.45,0.621,Healthy
2025-09-21,KDA 123X,111,89.07,12.35,0.193,Healthy
2025-09-21,KDB 789Z,80,89.97,12.64,0.113,Healthy
2025-09-21,KDE 555A,130,85.82,12.02,0.057,Healthy
2025-09-22,KDC 456Y,224,87.61,17.59,0.646,Healthy
2025-09-22,KDA 123X,166,86.79,13.3,0.103,Healthy
2025-09-22,KDB 789Z,198,90.32,12.67,0.165,Healthy
2025-09-22,KDE 555A,82,90.41,12.29,0.088,Healthy
2025-09-23,KDC 456Y,244,91.07,17.74,0.672,Healthy
2025-09-23,KDA 123X,246,89.01,13.74,0.176,Healthy
2025-09-23,KDB 789Z,99,87.68,13.44,0.192,Healthy
2025-09-23,KDE 555A,154,90.5,14.55,0.124,Healthy
2025-09-24,KDC 456Y,240,90.52,17.89,0.698,Healthy
2025-09-24,KDA 123X,178,91.8,14.3,0.173,Healthy
2025-09-24,KDB 789Z,192,92.0,13.09,0.094,Healthy
2025-09-24,KDE 555A,135,93.41,12.05,0.12,Healthy
2025-09-25,KDC 456Y,82,87.12,18.03,0.723,Healthy
2025-09-25,KDA 123X,148,93.4,13.77,0.171,Healthy
2025-09-25,KDB 789Z,147,86.45,12.64,0.053,Healthy
2025-09-25,KDE 555A,152,90.05,14.83,0.058,Healthy
2025-09-26,KDC 456Y,227,87.7,18.18,0.749,Injector Failure
2025-09-26,KDA 123X,168,88.76,14.64,0.087,Healthy
2025-09-26,KDB 789Z,211,86.31,13.43,0.192,Healthy
2025-09-26,KDE 555A,103,85.87,13.04,0.149,Healthy
2025-09-27,KDC 456Y,176,93.98,18.33,0.775,Injector Failure
2025-09-27,KDA 123X,174,87.31,14.13,0.132,Healthy
2025-09-27,KDB 789Z,163,91.14,12.14,0.124,Healthy
2025-09-27,KDE 555A,204,93.71,14.97,0.132,Healthy
2025-09-28,KDC 456Y,146,88.7,18.47,0.8,Injector Failure
2025-09-28,KDA 123X,244,94.63,12.37,0.162,Healthy
2025-09-28,KDB 789Z,103,85.02,12.07,0.158,Healthy
2025-09-28,KDE 555A,242,85.96,14.43,0.059,Healthy
2025-09-29,KDC 456Y,97,86.76,18.62,0.826,Injector Failure
2025-09-29,KDA 123X,232,92.29,14.71,0.114,Healthy
2025-09-29,KDB 789Z,144,91.34,12.97,0.178,Healthy
2025-09-29,KDE 555A,245,94.18,12.72,0.146,Healthy
2025-09-30,KDC 456Y,212,85.9,18.77,0.852,Injector Failure
2025-09-30,KDA 123X,195,87.81,13.33,0.105,Healthy
2025-09-30,KDB 789Z,126,89.94,13.28,0.069,Healthy
2025-09-30,KDE 555A,173,94.96,12.03,0.188,Healthy
2025-10-01,KDC 456Y,103,85.93,18.91,0.877,Injector Failure
2025-10-01,KDA 123X,109,87.94,14.41,0.17,Healthy
2025-10-01,KDB 789Z,234,85.0,13.65,0.104,Healthy
2025-10-01,KDE 555A,99,85.12,13.79,0.128,Healthy
2025-10-02,KDC 456Y,219,93.24,19.06,0.903,Injector Failure
2025-10-02,KDA 123X,179,87.95,13.55,0.183,Healthy
2025-10-02,KDB 789Z,120,90.15,12.72,0.175,Healthy
2025-10-02,KDE 555A,83,89.67,14.03,0.126,Healthy
2025-10-03,KDC 456Y,141,90.76,19.21,0.929,Injector Failure
2025-10-03,KDA 123X,209,91.73,14.47,0.191,Healthy
2025-10-03,KDB 789Z,113,88.48,14.19,0.058,Healthy
2025-10-03,KDE 555A,244,90.66,12.86,0.111,Healthy
2025-10-04,KDC 456Y,123,93.72,19.35,0.954,Injector Failure
2025-10-04,KDA 123X,244,88.06,12.79,0.051,Healthy
2025-10-04,KDB 789Z,141,92.89,14.09,0.054,Healthy
2025-10-04,KDE 555A,133,91.98,13.42,0.075,Healthy
2025-10-05,KDC 456Y,217,92.57,19.5,0.98,Injector Failure
2025-10-05,KDA 123X,238,91.48,14.36,0.182,Healthy
2025-10-05,KDB 789Z,135,90.2,14.81,0.144,Healthy
2025-10-05,KDE 555A,92,94.91,12.19,0.092,Healthy
